174269	jpn	御急ぎでなかったら、御茶か何かいかがですか。
174270	jpn	御希望の時刻は何時ですか。
174271	jpn	ご家族で北海道に旅行されるんですって？うらやましいわ。
174272	jpn	御家族はいかがお過ごしですか。
174273	jpn	御家族の方によろしくお伝え下さい。
174274	jpn	御家族のことを教えてください。
174275	jpn	御一緒できて楽しかった。
174276	jpn	御一緒したいのですが飛行機代が払えないのです。
174277	jpn	御意見には全面的に賛成です。
174278	jpn	御医者さんを呼んでください。
174279	jpn	御依頼により本をお送りしました。
174280	jpn	御案内しましょう。
174281	jpn	後片づけを手伝いましょうか。
174282	jpn	後輩にノートＰＣをかりた。
174283	jpn	後二日でバーゲンがなくなる。
174284	jpn	後藤教授が大学院の研究を指導してくださった。
174285	jpn	後先考えず、とりあえずやってみるか。後は野となれ山となれ、だよ。
174286	jpn	後先をよく考えて物を言え。
174287	jpn	後生だから助けてくれと泣きついた。
174288	jpn	後生だから泣くのはやめてくれ。
174289	jpn	後生だから、彼にやさしくして。
174290	jpn	後者の能力はすべて遺伝によって私達に伝えられる。つまり、親から受けつぐ遺伝子を通して私たちはそうした能力を受け取るのである。
174291	jpn	後者の見解を支持する人が日本には多い。
174292	jpn	後指を指すのはやめたまえ。
174293	jpn	後始末が大変だよ。
174294	jpn	後悔先に立たず。
174295	jpn	後味が悪い。
174296	jpn	後悔したくない。
174297	jpn	後援者は取引がどんな結果になるか様子を見ています。
174298	jpn	後ろ足で砂をかけるようなことをした。
174299	jpn	後をつけろ。
174300	jpn	後ろ向きになってください。
174301	jpn	後ろ指を指されるようなことなど、決してしていないよ。
174302	jpn	後ろを見ろ。
174303	jpn	後ろを振り返るな。
174304	jpn	後ろを刈り上げてください。
174305	jpn	後ろの列の人々はステージを見るために首を伸ばした。
174306	jpn	後ろの席に座っていたんですが、もっと黒板が見やすい席が良かったので前に移動してきました。
174307	jpn	後ろのドアを閉めてください。
174308	jpn	後ろのドアにへこみができた。
174309	jpn	後ろにいる人のためにもっと大きな声で話して下さい。
174310	jpn	後ろから私の名前が呼ばれるのを聞いた。
174311	jpn	後ほどもう一度お申し込みいただけますか。
174312	jpn	後ほどお電話しましょうか。
174313	jpn	後ほど、またお電話いただけますか。
174314	jpn	後は野となれ山となれ。
174315	jpn	後は任せた！
174316	jpn	後の祭り。
174317	jpn	後のたたりが恐いぞ。
174318	jpn	後にも先にもたった一人の息子だ。
174319	jpn	後にも先にもこんな話を聞いたことがない。
174320	jpn	後には、その他の多くの国からなだれ込んだが、彼らは経済的可能性や宗教的及び政治的自由が大きいという噂に見せられてやってきたのだった。
174321	jpn	後になると王の護衛がサテライトと呼ばれた。
174322	jpn	後になって役立つような本を読みなさい。
174323	jpn	後になってテストを提出しても、受け付けられません。
174324	jpn	後になって、やめておけばよかったなんて、思ったりしない？
174325	jpn	後になって、クリスは自分の行いを恥ずかしく思い、彼女に謝ると、ベスは彼を許してくれました。
174326	jpn	後にそれらを売って、私はＲ．バートンの「歴史叢書」を買うことができたのだった。
174327	jpn	後に、高校生になると、僕はビタミン剤を常用するように化学を「摂取した」
174328	jpn	後どのくらいで着きますか。
174329	jpn	後で憂き目をみる。
174330	jpn	後どのくらいでお風呂のお湯いっぱいになる？
174331	jpn	後で電話をしてくれませんか。
174332	jpn	後で吠え面かくなよ！
174333	jpn	後で電話をかけましょうか。
174334	jpn	後で電話します。
174335	jpn	後で電話するよ。
174336	jpn	後で追いつきますから。
174337	jpn	後で知らせるよ。
174338	jpn	後で台所を片づけます。
174339	jpn	後で取りに来ます。
174340	jpn	事情は後で説明する。
174341	jpn	後で私に連絡してください。
174342	jpn	後で私に電話をして下さい。
174343	jpn	後で私に電話して下さい。
174344	jpn	後で使うために取っておいた。
174345	jpn	後で結果を知らせなさい。
174346	jpn	後で掛け直す。
174347	jpn	後でやっておきます。
174348	jpn	後でもう一度かけ直していただけますか。
174349	jpn	後でまた彼に電話をします。
174350	jpn	後でまた電話するよ。
174351	jpn	後でまた電話します。
174352	jpn	後でテニスの練習があるんだよ。
174353	jpn	後でそこまで車で行ってきます。
174354	jpn	後でこちらからお電話します。
174355	jpn	後でお電話いたします。
174356	jpn	後であなたに会いに行きます。
174357	jpn	後で、折り返し電話するわ。
174358	jpn	後から後から客が来た。
174359	jpn	後から一人きます。
174360	jpn	後２分も早かったら、バスに乗れたのに。
174361	jpn	後１ヶ月かかります。
174362	jpn	娯楽という点ではほとんど何もありませんでした。
174363	jpn	吾郎は英語が得意だ。
174364	jpn	午前中彼に電話をしてはなしました。
174365	jpn	午前中激しく雨が降った。
174366	jpn	午前中は在宅の予定です。
174367	jpn	午前中の便はありますか。
174368	jpn	午前中に部屋をきれいに掃除しなさい。
174369	jpn	午前中に電話をすると割高になりますか。
174371	jpn	午前中にタクシーを呼んで下さい。
174372	jpn	午前中にお迎えにあがりましょうか。
174373	jpn	午前中ずっと探しているのです。
174374	jpn	午前中ずっと、ジョーンズさんと連絡を取ろうとしているのですが、いつかけても話中なのです。
174375	jpn	午前中からずっと探しています。
174377	jpn	深夜２時に寝たんだって？きょう眠そうなのも当然だね。
174378	jpn	午前１０時に駅であいましょう。
174379	jpn	午後二時なら開いてます。
174380	jpn	午後二時です。
174381	jpn	午後雨が降るだろう。
174382	jpn	午後何時ごろうかがいましょうか。
174383	jpn	午後を通してずっと雨が降っていた。
174384	jpn	午後もう一度こられるのでしたら、専門家を二、三人用意しておきますが。
174385	jpn	午後ひと泳ぎしよう。
174386	jpn	午後は旅行の準備をしなければいけない。
174387	jpn	午後は毎日練習したけれども、彼女のテニスは少しも上達しなかった。
174388	jpn	午後は晴れるだろうか。
174389	jpn	午後は休みだった。
174390	jpn	午後は午前中に勉強するようにしよう。
174391	jpn	午後は外へ出たくない。
174392	jpn	午後は家を留守にします。
174393	jpn	午後はどうやら雨になりそうだ。
174394	jpn	午後の便はありますか。
174395	jpn	午後の早い時間にケネディ空港に着きたいのです。
174396	jpn	午後の暑い盛りに２時間歩いた。
174397	jpn	午後の会合の出席者には、反応がなかった。
174398	jpn	午後に面接を行います。
174399	jpn	午後に私の事務所に来てください。
174400	jpn	午後には晴れるだろう。
174401	jpn	午後には授業が２時間あります。
174402	jpn	午後には雨になりそうだ。
174403	jpn	午後には雨が降りそうだ。
174404	jpn	午後にはテニスをするつもりです。
174405	jpn	午後に２科目の授業があります。
174406	jpn	午後なら少し暇があります。
174407	jpn	午後しなきゃいけない事がたくさんある。
174408	jpn	午後から天気は下り坂になります。
174409	jpn	午後から天気は下り坂です。
174410	jpn	午後から晴れると思った。
174411	jpn	午後から何か用事がありますか。
174412	jpn	午後６時発の急行列車の予約をしたい。
174413	jpn	午後６時にうかがって、あなたの都合はよろしいでしょうか。
174414	jpn	午後６時３０分に帝国ホテルのロビーで会いましょう。
174415	jpn	午後５時に伺ってあなたのご都合はよろしいでしょうか。
174416	jpn	午後10時に駅で会いましょう。
174417	jpn	午後、雨になるでしょうか。
174418	jpn	互いに心を許しあうといえるほどの仲となった。
174419	jpn	午後、テニスをしましょう。
174420	jpn	互いに助け合うのは我々の義務である。
174421	jpn	互いに助け合いながら、二人は次々と実験を試みた。
174422	jpn	互いに顔を合わせるのを避ける。
174423	jpn	互いにキスをする習慣が発達した。
174424	jpn	五郎は親切にも私を病院へ連れて行ってくれた。
174425	jpn	五木ひろしは糸目の男。
174426	jpn	五分後、彼女は台所から現れた。
174427	jpn	五年前の今日、結婚しました。
174428	jpn	五大湖は飲み水を供給する。
174429	jpn	五人の席はありますか。
174430	jpn	五十肩に悩まされています。
174431	jpn	五十年前には、テレビやコンピューターのような物は、夢にも考えられなかっただろう。
174432	jpn	五次元のマフラーはよい音がする。
174433	jpn	五時前にお出かけのときは、ちょっと知らせてください。
174434	jpn	五時までには必ず来て下さい。
174435	jpn	五時までお待ち下さい。その頃には彼も帰ります。
174436	jpn	五時に車であなたの家に迎えに行きます。
174437	jpn	五時に起こしてくれるように彼女に頼んだ。
174438	jpn	五階へはエレベーターで行きなさい。
174439	jpn	五の二乗は２５である。
174440	jpn	五ドル札を崩せますか。
174441	jpn	顧客候補のリストは出来上がりました。
174442	jpn	顧客候補に渡します。
174443	jpn	顧客を惹きつけるようなサイトを作りたいと思っています。
174444	jpn	顧客の扱い方をお話しした。
174445	jpn	顧客に対する勧誘の電話が、テレマーケティング部の主要業務である。
174446	jpn	顧客からの苦情が増えるのは業績悪化の始まりかもしれない。
174447	jpn	顧みられぬ無数の漂流者が家を求めてる。
174448	jpn	雇用主は彼の協力に心から感謝した。
174449	jpn	雇用者の数という見地から見ると、すべての工場のうちここは最も大規模なところだ。
174450	jpn	雇用危機の中で労働者は金銭的打撃を受けています。
174451	jpn	雇用が停滞し続けた。
174452	jpn	雇主は我々の賃上げの要求に折れないだろう。
174453	jpn	雇い主は労働者に新しい提案をした。
174454	jpn	雇い主は彼女の魅力に惹かれていた。
174455	jpn	雇い主は、時に従業員を搾取する。
174456	jpn	雇い主にとっての倒産は、従業員にとっての解雇と同じである。
174457	jpn	誇りたかいトロイの町はついに占領された。
174458	jpn	誇りがあるから、彼はそんなに卑しい事は出来ない。
174459	jpn	虎次郎は、私を愛してることを明らかにしました。
174460	jpn	虎を大きな猫というなら、同じように猫を小さな虎といってもよい。
174461	jpn	虎は肉食動物です。
174462	jpn	虎は消滅しかかっている種族である。
174463	jpn	虎は死して皮を留め、人は死して名を残す。
174464	jpn	虎にぴったりねらいをつけなさい。
174465	jpn	虎がこのあたりに現れる。
174466	jpn	狐の親子が走っていたのに気がつきましたか。
174467	jpn	狐は他のどんな動物よりもずるいということだ。
174468	jpn	狐がわなにかかった。
174469	jpn	狐が１匹ひょっこりやってきた。
174470	jpn	湖畔にはかなり多くのホテルが有る。
174471	jpn	湖上にはたくさんのボートが浮かんでいた。
174472	jpn	湖や河の水は、たいてい淡水である。
174473	jpn	湖まで歩いていきましょう。
174474	jpn	湖までのドライブはとても楽しかった。
174475	jpn	湖までドライブはどうですか。
174476	jpn	湖までドライブしよう。
174477	jpn	湖までかけていって飛び込んだものでした。
174478	jpn	湖は緑の丘に囲まれている。
174479	jpn	湖は約２５メートルの深さだ。
174480	jpn	湖は明るい日の光を受けて光っていた。
174481	jpn	湖は氷に閉ざされた。
174482	jpn	湖は白鳥が何羽か泳いでいて美しかった。
174483	jpn	湖は凍っていたので氷の上を歩いて渡った。
174484	jpn	湖は凍っていた。
174485	jpn	湖は直径３マイルある。
174486	jpn	湖は穏やかで、白鳥が何羽か泳いでいる。
174487	jpn	湖はこの辺りが一番深い。
174488	jpn	湖はここが一番深い。
174489	jpn	湖はここから遠く離れている。
174490	jpn	湖の氷は彼の重さを支えれなかった。
174491	jpn	湖の真中に、その島がある。
174492	jpn	湖の深さはどのくらいですか。
174493	jpn	湖の上に打ち上げるから。
174494	jpn	湖の上に行くそうかのボートがあった。
174495	jpn	湖の見える所に私たちはやってきた。
174496	jpn	ゆうべ、泥酔のみずきは湖のほとりを歩いていて、水の中に落ちてしまった。
174497	jpn	湖のほとりの家は私の家です。
174498	jpn	湖のそばの小屋にひとりの老人が住んでいる。
174499	jpn	湖畔の古い教会はとても美しい。
174500	jpn	湖のこの場所が深い。
174501	jpn	湖に船が浮かんでいるのは美しい風景だ。
174502	jpn	湖に山の影が映っていた。
174503	jpn	湖に行って、昼食を取ることのなってるんだ。
174504	jpn	湖には薄い氷が張っていた。
174505	jpn	湖で休暇を過ごした。
174506	jpn	湖には何百羽もの鳥がいた。
174507	jpn	湖で泳いでもいいですか。
174508	jpn	湖で２人きりでボートに乗ってくつろぎたいな。
174509	jpn	湖が彼の家のそばにあった。
174510	jpn	湖から霧が立ちこめてきた。
174511	jpn	枯れ木も山のにぎわい。
174512	jpn	故人を記念する記念碑を建設するために基金を開始した。
174513	jpn	故人をしのんで、記念碑が建てられた。
174514	jpn	故障はエンジンにあるのかもしれない。
174515	jpn	故障はエンジンにある。
174516	jpn	故障しているようです。
174517	jpn	故障していたのはエンジンだった。
174518	jpn	故国を一目みたいものだ。
174519	jpn	故国を一度でも見たいものだ。
174520	jpn	故郷を離れていると、家から小包ほどうれしいものはない。
174521	jpn	川端さんは毎年、故郷へ手紙を一通書きます。
174522	jpn	故郷の最新情報を教えてあげましょう。
174523	jpn	戸締まりを忘れるな。
174524	jpn	戸締まりをするのを忘れるな。
174525	jpn	戸棚を覗いた。
174526	jpn	戸棚の中の金はみんな盗まれた。
174527	jpn	戸川さんは市長候補に指名された。
174528	jpn	戸口のところで男性が１人、あなたをお待ちですよ。
174529	jpn	戸口に男の人がいる。
174530	jpn	戸口にいる女性はだれですか。
174531	jpn	戸外は暗い。
174532	jpn	戸外で運動しなさい。
174533	jpn	戸を閉めろ。
174534	jpn	戸を閉めてください。
174535	jpn	戸を閉めた方がいいよ。
174536	jpn	戸を叩く音がした。
174537	jpn	戸を開けようとしたが、鍵がかかってだめだった。
174538	jpn	戸を開けて犬を入れてやりなさい。
174539	jpn	戸を開けっ放しにするな。
174540	jpn	戸を押さえてくれ。
174541	jpn	戸は閉まったままだった。
174542	jpn	戸は内側でかんぬきがかかる。
174543	jpn	戸は内側から鍵がかけられていた。
174544	jpn	戸は内側から開く。
174545	jpn	戸はひとりでに開いた。
174546	jpn	戸に必ず鍵をかけなさい。
174547	jpn	戸にロックをかけなさい。
174548	jpn	戸には新しくペンキが塗ってあった。
174549	jpn	戸が風で開いた。
174550	jpn	戸が不意に開いて、彼女は突然立ち上がった。
174551	jpn	戸が開く音が聞こえた。
174552	jpn	戸がどうしても開かない。
174553	jpn	己を知ることは容易ではない。
174554	jpn	己をもって他人を律するな。
174555	jpn	己をしること、これほど大切なことはない。
174556	jpn	己も生き他も生かせ。
174557	jpn	己の欲せざる所は人に施す勿れ。
174558	jpn	己の欲するところを人に施せ。
174559	jpn	己が誰なのか知れ。
174560	jpn	孤独を楽しむ人もいる。
174561	jpn	孤独は人間共通の運命だ。
174562	jpn	孤独な時も何度かあった。
174563	jpn	孤独なその患者は縫い物をすることに楽しみを感じている。
174564	jpn	孤独と孤立を混同してはいけない。それぞれ異なったものである。
174565	jpn	孤児達は行儀よくするよう言われていた。
174566	jpn	孤児を助けるために基金が設立された。
174567	jpn	孤児であったので、父は１０歳からお金を稼ぎはじめねばならなかった。
174568	jpn	孤児が５歳の時彼は２人の姉にであった。
174569	jpn	孤軍奮闘したけれど、衆寡敵せず、彼のビジネスプランは受け入れられなかったよ。
174570	jpn	固体の状態になった水は氷と呼ばれる。
174571	jpn	固体が解けると液体になる。
174572	jpn	固まるまでそのままにしておくか冷蔵庫で冷やしてください。
174573	jpn	固いものは食べないでください。
174574	jpn	固い便が出ます。
174575	jpn	固いこと言うなよ。
174576	jpn	呼吸をする以外、なにをするにも、事前に妻の許可を必要とする人は女房の尻にしかれている夫だ。
174577	jpn	呼吸は？
174578	jpn	呼吸がしにくいのです。
174579	jpn	呼んでいただきましてありがとうございます。
174580	jpn	呼び出しをお願いします。
174581	jpn	呼び出してほしい人の名前は何ですか。
174582	jpn	呼び出していただけますか。
174583	jpn	古典を読むことは容易ではない。
174584	jpn	古本屋と古着屋をあさるのが好きです。
174585	jpn	古典の文学書を読むことは価値のあることです。
174586	jpn	古代中国についての新しい事実が最近明るみに出た。
174587	jpn	古代世界を見ることができればなあ。
174588	jpn	古代人は世界が平らであると思っていた。
174589	jpn	古代人の中には太陽を神と考えた人たちもいた。
174590	jpn	古代人たちは地球は平たいと信じていた。
174591	jpn	古代ローマ人はヨーロッパ中に植民地を設立した。
174592	jpn	古代ローマでは、金持ちの有力者が街を歩く時に彼らの周りを護衛したボディガードが衛星と呼ばれた。
174593	jpn	古代の天文学者は、星座を見つけ、名前をつけた。
174594	jpn	古代の天文学者は、空のある物体を観察する道具を持たなかった。
174595	jpn	古代において塩は希少で貴重な商品であった。
174596	jpn	古代では疫病でたくさんの人が死んだ。
174597	jpn	古代ギリシャ人は太陽系について私たちと同じ位よく知っていた。
174598	jpn	古代インカの時代に、アメリカ大陸でもっとも大きい都市であった。
174599	jpn	古参議員たちは、選挙で参議院の議席を失いそうになりました。
174600	jpn	古今無双の勇士だ。
174601	jpn	古今東西、親の子供に対する愛情に変わりはない。
174602	jpn	古今東西、嫁と姑の仲は上手くいかぬ例が多いと見える。
174603	jpn	古今を通して彼は又とない勇敢な男だ。
174604	jpn	古き良き時代は去って、二度ともどってこない。
174605	jpn	古き良き時代は過ぎ去って再び戻らない。
174606	jpn	古きよき日々は去って、二度と戻らない。
174607	jpn	古きよき時代は去り、二度と戻らない。
174608	jpn	古きよき時代は過ぎ去って二度と戻ってこない。
174609	jpn	古い洋服を弟達の為に家に送り、家族にお金も送りました。
174610	jpn	古い木箱がテーブルの役目をした。
174611	jpn	古い方法にこだわっても仕方がない。
174612	jpn	古い方法が結局最もよいことがわかった。
174613	jpn	古い服を着て出かけるのは恥ずかしくて嫌だった。
174614	jpn	古い部品を新しいのと交換しなさい。
174615	jpn	古い伝統が消滅しつつある。
174616	jpn	古い知己というものは、忘れ去られ、また一度も心に思い出されなくともよいのであろうか。
174617	jpn	古い信仰が今だに広く行われていることがある。
174618	jpn	古い上着を捨てよう。
174619	jpn	古い住所録で偶然、彼の電話番号を見せた。
174620	jpn	古い写真を見てたんだよ。
174621	jpn	古い自転車だがないよりましだ。
174622	jpn	古い建物を取り壊すことに決めた。
174623	jpn	古い教会はその町の北にある。
174624	jpn	古い機種に比べてこちらの方がずっと使いやすい。
174625	jpn	古い機種に比べてこちらのほうがずっと扱いやすい。
174626	jpn	古い家屋は、特に日本の伝統的な家屋は、湿気が多く現代生活に不都合な事がある。
174627	jpn	古い家が取り壊された。
174628	jpn	古い映画では、ヒロインは大抵死ぬ。
174629	jpn	古いブリッジを元通りに入れておきます。
174630	jpn	古いピアノだよ。
174631	jpn	古いテレビセットが十ドルで売れた。
174632	jpn	古いつぼが掘り出された。
174633	jpn	古いタイヤを新しいのと取り替えて。
174634	jpn	古いコートを処分した。
174635	jpn	古いカーペットが新しいものより価値が高い。
174636	jpn	古いお城が川のほとりに立っている。
174637	jpn	古いインドの伝説が数多くある。
174638	jpn	個人的に言えば、選挙に誰が勝っても大した違いはないと思います。
174639	jpn	個人的な話に受け取らないで。
174640	jpn	個人的な質問はしないほうがいいよ。
174641	jpn	個人的なことをお聞きしてもよろしいでしょうか。
174642	jpn	個人的なことに立ち入らないほうがいいんではないですか。
174643	jpn	個人情報の流出があちこちで起こって問題になった。
174644	jpn	個人消費の水準にとって大きな意味を持つのは可処分所得である。
174645	jpn	個人主義がより行き渡っている国では、人中での喫煙に対する個人的反対が普通尊重される。
174646	jpn	個人は地域社会の基本的な構成要素である。
174647	jpn	個人は国家のために存在するのではない。
174648	jpn	個人はそれぞれ異なっている。
174649	jpn	故人は８０歳であった。
174650	jpn	個人の善意は大海の一滴にすぎません。
174651	jpn	個人の自由を尊重しなければならぬ。
174652	jpn	個人の権利が自由社会でもっとも大切な権利です。
174653	jpn	個人の意志は尊重しなければならない。
174654	jpn	個人に関する情報は、教えないのが私どもの方針です。
174655	jpn	個人には権利と義務がある。
174656	jpn	個室を予約したいのですが？
174657	jpn	個室ですか２人部屋ですか。
174658	jpn	個々の木を見分けるのが困難になってはじめて森が見えるようになるのである。
174659	jpn	個々の戦闘にはみな勝っても戦争に負けることがある。
174660	jpn	限界まで泳ぎ続けろ。
174661	jpn	諺を英語にする行為に意味があるのだろうか。
174662	jpn	諺は知恵について満ちている。
174663	jpn	諺はアメリカでは依然として人々の間でよく用いられている。
174664	jpn	諺にもある通り「虎穴に入らずんば虎子を得ず」だ。
174665	jpn	諺にもある通り、過ぎ去ったことはくよくよしても仕方がない。
174666	jpn	諺にある通り、「嘘も方便だ」
174667	jpn	諺に、覆水盆に返らずと言う。
174668	jpn	言論の自由は現在当然のことと思われている。
174669	jpn	言論の自由は当然のことと考えられている。
174670	jpn	言論の自由は社会に多くの利益を授ける。
174671	jpn	言論の自由は現在当然のこととされている。
174672	jpn	言論の自由は厳しく制限されていた。
174673	jpn	言論の自由が制限されている国もある。
174674	jpn	言葉添えを頼む。
174675	jpn	言葉遣いにはいつも気をつけるべきです。
174676	jpn	言葉を文化から引き離すことはできない。
174677	jpn	言葉を定義することは、実例を挙げてその使い方を説明するよりも難しい。
174678	jpn	言葉を使うという点で人間は他の動物と異なるといわれている。
174679	jpn	言葉を「生きた」ものと「死んだ」ものに分けるのは誤りだ。
174680	jpn	言葉は伝達の手段である。
174681	jpn	言葉は人々が他人と意思伝達をする手段である。
174682	jpn	言葉は人となって、私たちの間に住まわれた。
174683	jpn	言葉は消え去っても、打撃はおもくるしく残る。
174684	jpn	言葉は時代とともに移りゆく。
174685	jpn	言葉は時をまちがえると、有害無益である。
174686	jpn	言葉は思想を表すのに役立つ。
174687	jpn	言葉は思想をあらわす。
174688	jpn	言葉は国際結婚がかかえている基本的な問題である。
174689	jpn	言葉は宇宙の果てへと飛び出していく。
174690	jpn	言葉は意思を伝える最も重要な方法の一つだ。
174691	jpn	言葉は、適切に選ばれれば、非常に大きな力を持つ。
174692	jpn	言葉の壁にもかかわらず、私たちはすぐに友達になった。
174693	jpn	言葉の世界では想像力は自然に内在する力の一つである。
174694	jpn	言葉の学習には繰り返しが必要です。
174695	jpn	言葉の意味を教えてください。
174696	jpn	言葉の意味は文脈によって変わりうる。
174697	jpn	言葉の意味がわからない時は辞書を引いた方がよい。
174698	jpn	言葉のなまりで彼女の国が知れた。
174699	jpn	言葉のなまりで彼がフランス人であることがわかってしまう。
174700	jpn	言葉に出して誉めることで子供にやる気を出させるようにしなさい。
174701	jpn	言葉に気をつけろ！
174702	jpn	言葉に気をつけなさいと彼は私に言った。
174703	jpn	言葉による詩とは、要約して言えば、韻律的美の創造であるとしたい。
174704	jpn	言葉による意思伝達では、語彙よりも感情の方が重要です。
174705	jpn	言葉には気をつけなさい。
174707	jpn	言葉で言うことと実行することは全く別である。
174708	jpn	言葉では私の真の気持ちは伝えられない。
174709	jpn	言葉では気持ちを伝えられない。
174710	jpn	言葉ではうまく表現できないけど、日本とアメリカの文化や生活スタイルの違いを垣間見た気がした。
174711	jpn	言葉でそれを表せない。
174712	jpn	言葉づかいに気を付けなさい。
174713	jpn	言葉が出てこなかった。
174714	jpn	言葉が出てこないで困っています。
174715	jpn	言葉が口先まで出かかっているのだが、自分のいいたいことをどう表現したらいいのかよくわからない。
174716	jpn	言葉がなければ、思想はないであろう。
174717	jpn	言行一致なんて、とても俺にはできそうにない。
174718	jpn	言語能力は後天的ではなく、生まれつきです。
174719	jpn	言語能力が人と動物の違うところだ。
174720	jpn	言語習得には創造力が必要だ。
174721	jpn	言語学者はその方言のことをかなり良く知っている。
174722	jpn	言語を知識の形態と考える人もいる。
174723	jpn	言語を知識の一形態と考える人もいる。
174724	jpn	言語を楽に習得してしまう子供もいれば、苦労してやっと学び覚える子供もいる。
174725	jpn	言語は伝達の手段である。
174726	jpn	言語は人類の最も重要な発明のひとつです。
174727	jpn	言語は人々が他人と伝達し合うのに使う手段である。
174728	jpn	言語は人間特有のものである。
174729	jpn	言語は人間社会にとって欠くことのできない道具である。
174730	jpn	言語は人間固有の性質である。
174731	jpn	言語は人間の思想を伝達手段である。
174732	jpn	言語は人間に特有のものである。
174733	jpn	言語は人間と同じように変化する。
174734	jpn	言語は時代に合わせて変化していく。
174735	jpn	言語は、いかなる言葉も必ず個人の心の創作として飛び出してくるという点で、ユニークである。
174736	jpn	言語のおかげで他人とのコミュニケーションがとれる。
174737	jpn	言語によって私たちはお互いに意思疎通をはかっている。
174738	jpn	言語が好きです。
174739	jpn	言語がなければ、思想はないであろう。
174740	jpn	言語がどのように始まったのかについてはいくつも推論はあるが、実はだれもあまり知らない。
174741	jpn	言外の意味読みとらなければいけない。
174742	jpn	言外の意味を読み取るならば、この手紙はお金の無心です。
174743	jpn	言外の意味をとってください。
174744	jpn	言われた通りにしなさい。
174745	jpn	言われたようにそれをやりなさい。
174746	jpn	言われたようにせよ。
174747	jpn	言わぬが花。
174748	jpn	言わなくてもわかりますよ。
174749	jpn	言わなくていいよ。
174750	jpn	言わなきゃいいのに。
174752	jpn	言ってることがわかりますか。
174753	jpn	言ってみたらどうだ。
174754	jpn	言ってしまったことは取り消せないよ。
174755	jpn	言っておくが、私に怒っても始まらないよ。
174756	jpn	言っていいことと悪いことがあるだろ。
174757	jpn	言っちゃえよ。
174758	jpn	言っちゃいけないんだけど。
174759	jpn	言っただろ！
174760	jpn	言ったことを実行に移すのは難しい。
174761	jpn	言えというなら言いますが、漫画を読むのはまったく時間の無駄である。
174762	jpn	言う事とする事は別問題だ。
174763	jpn	言う価値のあることがなければ、しゃべるな。
174764	jpn	言うまでもなく彼が正しい。
174765	jpn	言うまでもなく事故のため、彼はしばらく学校を欠席する。
174766	jpn	言うまでもなく君が責めを負うべきだ。
174767	jpn	言うまでもなく、サーバの負荷が増大してしまうのです。
174768	jpn	言うまでもなく、僕は手伝うために来たのだ。
174769	jpn	言うまでもなく、不断の努力は幸せのための鍵である。
174770	jpn	言うまでもなく、彼は賞を取ることができなかった。
174771	jpn	言うまでもなく、誰でも法律を守る義務がある。
174772	jpn	言うまでもなく、早起きは大切です。
174773	jpn	言うまでもなく、戦争の恐ろしさは伝えられなければならない。
174774	jpn	言うまでもなく、健康は富にまさる。
174775	jpn	言うまでもなく、経験はよい教師です。
174776	jpn	言うまでもなく、軍隊の規律は文字通り厳しい。
174777	jpn	言うまでもないことだがローマは１日にしては成らず。
174778	jpn	言うまでもないことだが、彼は賞を取れなかった。
174779	jpn	言うまでもないことだが、健康の方が富より大事だ。
174780	jpn	言うまでもないことだが、その思想は時代遅れだ。
174781	jpn	言うまでもないことだが、ジュディはいつものように遅れてきた。
174782	jpn	言うまでもないが、彼は二度と来なかった。
174783	jpn	言うまでもないが、彼はいつものように学校を遅刻した。
174784	jpn	言うまでもないが、ノルウェーは世界第二の原油供給国となっている。
174786	jpn	言うのはた易いが、行うのは難しい。
174787	jpn	言うことに気をつけねばならぬ。
174788	jpn	言うことと話すことは別のことだ。
174789	jpn	言うことと行うことは別のことだ。
174790	jpn	言うことと行うことは別である。
174791	jpn	言うこととすることは別だ。
174792	jpn	言うこととすることとは別問題だ。
174793	jpn	言い訳をしてもむだだ。
174794	jpn	言い訳ばかりするなよ。
174795	jpn	言い分を簡潔に述べよ。
174796	jpn	言い争いを早く解決しなさい。
174797	jpn	言い争いをして後味の悪い思い出が残った。
174798	jpn	言い争いの後、彼らは口をきかない間柄になった。
174799	jpn	言い残したことはもうほとんどない。
174800	jpn	言い換えれば磁石の磁場はハトの頭にある。
174801	jpn	言い換えれば、彼女は良き女房になった。
174802	jpn	言い換えれば、彼女はそのプロポーズを断りたいのだ。
174803	jpn	言い換えれば、彼は私の知っている中でも最も有能な若者だ。
174804	jpn	言い換えれば、彼は私たちを裏切った。
174805	jpn	言い換えれば、私は彼と働きたくない。
174806	jpn	言い換えれば、教育は知能に自然の法則を教え込むことである。
174807	jpn	言い換えれば、それは常識の問題である。
174808	jpn	言い換えると、世の中にはいろいろな人間が必要だということだ。
174809	jpn	言い過ぎではないですか。
174810	jpn	言い過ぎですよ。
174811	jpn	言いつけられたとおりにしなさい。
174812	jpn	言いつけどおりにしなければならない。
174813	jpn	言いたかった事を全部言ったら胸がすかっとした。
174814	jpn	言いたい事はなんでも言ってよろしい。
174815	jpn	言いたいことは分かるよ。
174816	jpn	言いたいことは分かってるよ。
174817	jpn	言いかえると、彼は信念の人です。
174818	jpn	言いかえると、生来の温かさがない限り信頼性は不可能だ。
174819	jpn	現役を引退した後、テレサは孤児の世話に一身をささげた。
174820	jpn	現役から引退した人は足が遠のくものだ。
174821	jpn	現地人は干ばつ続きで苦しんでいた。
174822	jpn	現地時間で１０時だ。
174823	jpn	現地企業でのインターンシップを体験する。
174824	jpn	現地の人達はその地区に立ち入ることを許されなかった。
174825	jpn	現代文明は科学と教育の基盤の上に成り立っている。
174826	jpn	現代美術は私にはほとんど意味がありません。
174827	jpn	現代美術は１９世紀の慣習とはすっかり変わっている。
174828	jpn	現代哲学は１９世紀に始まる。
174829	jpn	現代抽象画、特にモンドリアンが理解し難い。
174830	jpn	現代人は車なしで済ますことができない。
174831	jpn	現代社会はありとあらゆる情報があふれている。
174832	jpn	現代社会での大学の役割は何ですか。
174833	jpn	現代詩はしばしばきわめて難解だ。
174834	jpn	現代芸術をどう思いますか。
174835	jpn	現代芸術は私にはほとんど意味がありません。
174836	jpn	現代科学は多くの不可能を可能に変えた。
174837	jpn	現代科学で何かが重要かを特定することは判断の問題であり、自分が正しいと知ることはできないのだということも言っておかねばならない。
174838	jpn	現代は本質的に悲劇的な時代だと言われるのをよく耳にする。
174839	jpn	現代は情報の時代で、私たちの日常生活でコンピューターが果たす役割はますます大きくなっている。
174840	jpn	現代は質に関係なく、量を求める。
174841	jpn	現代は原子力時代だといっても過言ではない。
174842	jpn	現代の生活は電気のおかげである。
174843	jpn	現代は原子力の時代だ。
174844	jpn	現代の世界の文化はいくぶん似通ってきている。
174845	jpn	現代の情報及び交通網のおかげで世界はますます小さくなっている。
174846	jpn	現代の車は初期の車と多くの点で異なる。
174847	jpn	現代の社会問題はますます複雑化する傾向がある。
174848	jpn	現代の橋は形が似ている。
174849	jpn	現代の教育制度にはどんな欠陥が見られますか。
174850	jpn	現代の科学技術のおかげで私たちの生活は快適になった。
174851	jpn	現代の英雄はロックスターが代表している。
174852	jpn	現状の打開策を暗中模索している。
174853	jpn	現状のままにして置く。
174854	jpn	現状では倒産はさけられない。
174855	jpn	現状では、私たちは降参するしかない。
174856	jpn	現状では、これ以上の値引きはいたしかねます。
174857	jpn	現場には彼に不利な証拠品は何もなかった。
174858	jpn	現実面では、エメット理論の応用によっていくつかの傑出したデザインが生み出されている。
174859	jpn	現実的ではないとして、その計画は拒絶された。
174860	jpn	現実を直視するべきだ。
174861	jpn	現実を直視すべきだ。
174862	jpn	現実を直視しようじゃないか。
174863	jpn	現実を回避するのはもうやめろ。
174864	jpn	現実の問題よりも、巧みな言葉での発言の方に関心がおかれていました。
174865	jpn	現実の占有は九分の勝ち目。
174866	jpn	現実のことを見ようとしない。
174867	jpn	現実に直面することは必ずしも簡単ではない。
174868	jpn	現実にもどって、仕事のことを考えるのでなければ事業は長続きしない。
174869	jpn	現実から逃げ出す。
174870	jpn	現実と幻想を区別するのは難しい。
174871	jpn	現実から逃げることはできない。
174872	jpn	現実から逃げてはいけないよ。
174873	jpn	現在本校には１６００名の生徒がおります。
174874	jpn	現在弊社は、日本全国に非常によく組織された２００の販売店を持っています。
174875	jpn	現在平均的熟練労働者は１年に一万ドル以上稼ぐ。
174876	jpn	現在対処すべき問題がいろいろある。
174877	jpn	現在多くの人がこの分野で働いている。
174878	jpn	現在生理中ですか。
174879	jpn	現在人々はかつてより以上に教育を受けている。
174880	jpn	現在自分の持っているものに絶対満足をしない人もいる。
174881	jpn	現在私に言えることはそれだけです。
174882	jpn	現在私どもは、カスタマーサービスの経験者を探しています。
174883	jpn	現在最も深刻な問題は人口過剰の問題である。
174884	jpn	その現在建設中の工場は、一日当たり3000台のビデオデッキを組み立てられる。
174885	jpn	現在我々が当面している問題は新しいものではない。
174886	jpn	現在は彼らが望むのは頭の上の屋根（家）だけである。
174887	jpn	現在は多くの大学生が勉学に怠惰である。
174888	jpn	現在はほんのすこしの収入しか入らない。
174889	jpn	現在はどちらにお住まいですか。
174890	jpn	現在はすべてうまくいっている。
174891	jpn	現在はコンピューター時代といってもいいくらいである。
174892	jpn	現在はこれ以上の人手はいりません。
174893	jpn	現在は、滅私奉公ではなく、滅公奉私の時代だと言われています。
174894	jpn	現在は、イタリアルネッサンスに興味を持っています。
174895	jpn	現在の飛行機墜落は２週間ごとにほぼ１件の割合で、あらゆる重大事故があらゆるタイプの輸送用ジェット機に起こっている。
174896	jpn	現在の彼女は結婚前の彼女ではない。
174897	jpn	現在の彼の給料は１０年前の２倍だ。
174898	jpn	現在の日米貿易摩擦の原因は何であると思いますか。
174899	jpn	現在の内閣をどう思いますか。
174900	jpn	現在の税制度のもとでは正直にやっていると割に合わない。
174901	jpn	現在の税制下では正直者が馬鹿を見る。
174902	jpn	現在の需給のアンバランスは循環的な現象というより、需要側の構造的変化を反映するものと考えられている。
174903	jpn	現在の首相はその式に出席してはいなかった。
174904	jpn	現在の失業率はどのくらいですか。
174905	jpn	現在の仕事にうんざりしている人は多い。
174906	jpn	現在の空模様から見るといつ土砂降りになるかわからない。
174907	jpn	現在の回復状況に関してそれは非生産的と思います。
174908	jpn	現在の科学技術のおかげで私たちの生活は快適になった。
174909	jpn	現在のやり方が君の将来に影響を与えるだろう。
174910	jpn	現在のままのほうがいい。
174911	jpn	現在のバージョンは、アップグレード版で置き換えます。
174913	jpn	現在のその市の財政は芳しくない。
174914	jpn	現在にまさる時はない。
174915	jpn	現在における果物の供給は需要に及ばない。
174916	jpn	現在どのような状況か、お知らせください。
174917	jpn	現在では言論の自由は当然と思われている。
174918	jpn	現在では我々が作った人工衛星が地球の周辺を回転している。
174919	jpn	現在では、さらに１５億の人間が他人のために働きながら自分を支えてこの地球上で暮らすことが出来る。
174920	jpn	現在その病気の原因は不明である。
174921	jpn	現在これ以上の仕事を引き受けるのは不可能だ。
174922	jpn	現在５０台の機械が運転中です。
174923	jpn	現在、彼女は経済的に両親から独立しています。
174924	jpn	現在、彼はひとりで暮らしていて、世間のことはまったく気にかけていない。
174925	jpn	現在、日本は世界で最も豊かな国だと言われている。
174926	jpn	現在、私に言えるのはそれだけです。
174927	jpn	現在のチャンピオンは彼であり、その王座を奪える新人挑戦者はいないだろう。
174928	jpn	現在、すべて申し分がない。
174929	jpn	現在、６５歳を越したアメリカ人はおよそ３１００万人いる。
174930	jpn	現在、「競争」を悪い言葉と思っている人は多い。
174931	jpn	現行の法律は人種の多様性を考慮していない。
174932	jpn	現金払いには１０パーセント割引いたします。
174933	jpn	現金入れの箱にはほとんどお金が残っていないことがわかった。
174935	jpn	現金を盗まれた。
174936	jpn	現金で払う必要はありません。
174937	jpn	現金で払うと安くなりますか。
174938	jpn	現金ですかクレジットカードですか。
174939	jpn	現金ですか、クレジットですか。
174940	jpn	現金がなくなっても、あなたは銀行預金をあてにできる。
174941	jpn	現金がないので、小切手で払えますか。
174942	jpn	玄関の戸をたたく大きな音がきこえた。
174943	jpn	玄関のベルが鳴るのが聞こえたよ。誰か来たのか見に行っておいで。
174944	jpn	玄関のベルが鳴っている。
174945	jpn	玄関のドアは開いていた。
174946	jpn	玄関のドアがバタンと閉まるのが聞こえた。
174947	jpn	玄関のかぎをかけわすれないように気をつけた。
174948	jpn	玄関のカギはどうなっていますか。
174949	jpn	玄関に見知らぬ人がいます。
174950	jpn	玄関には鍵がかかっていたので家には入れなかった。
174951	jpn	玄関で扉を叩く音がした。
174952	jpn	玄関で傘をささないように。
174953	jpn	減量する良い方法は甘い物を食べることをやめることだ、とよく言われている。
174954	jpn	減税はしばしば経済を刺激する重要な財政政策手段として使われる。
174955	jpn	幻覚が見えると言っている。
174956	jpn	厳密に言えば、彼女はその仕事をする資格がないと言う事です。
174957	jpn	厳密に言えば、彼のスピーチにはいくらか誤りがあった。
174958	jpn	厳密に言えば、中国は何百万という方言から成り立っている。
174959	jpn	厳密に言えば、竹は草の一種である。
174960	jpn	厳密に言えば、地球はまん丸ではない。
174961	jpn	厳密に言えば、トマトは野菜ではない。果物である。
174962	jpn	厳密に言えば、それらは同じ種類ではない。
174963	jpn	厳密に言えば、それは垂直線ではなかった。
174964	jpn	厳密に言えば、あなたと私の意見は違う。
174965	jpn	厳密に言うと、彼はその職業に適していない。
174966	jpn	厳密に言うと、彼の答えは正しくない。
174967	jpn	厳密に言うと、彼の見解は私のとはいくらか異なる。
174968	jpn	厳密に言うと、彼の意見は反対派のそれとはいくらか異なる。
174969	jpn	厳密に言うと、君は正しくない。
174970	jpn	厳密に言うと、トマトは果物です。
174971	jpn	厳密に言うと、その説は正しくない。
174972	jpn	厳密に言うと、この文は文法的に正しくない。
174973	jpn	厳密に言うと、あなたはまちがっている。
174974	jpn	厳密にいうと、この文は文法的には間違いである。
174975	jpn	厳密な科学的観点からは、歴史は科学とはいえない。
174976	jpn	厳格な父親は、徹底したしつけによって子供たちに決まりごとを守らせる。
174977	jpn	厳しさと甘さの中間を見つける。
174978	jpn	厳しい労働が彼の体にこたえ始めていた。
174979	jpn	厳しい冬になるという話です。
174980	jpn	厳しい世の中だなあ。
174981	jpn	厳しい住宅不足は１つには暴騰した家賃のせいである。
174982	jpn	厳しい資金不足で計画はストップしている。
174983	jpn	厳しい現実から遠く離れて暮らしている人もいる。
174984	jpn	厳しいしつけでその子は別人のようになった。
174985	jpn	言論の自由は現在、当然のことと思われている。
174986	jpn	原油価格の値下がりが続いている。
174987	jpn	原油は精製されて多くの製品を産出する。
174988	jpn	原爆は人類にとって重大な脅威だ。
174989	jpn	原爆は広島全体を破壊した。
174990	jpn	原則として、客車に駐車場がなくてはならないが、実際にはあり得ない。
174991	jpn	原宿は東京の中で最も活気のある場所の一つである。
174992	jpn	原住民は土地を侵略者から守らねばならない。
174993	jpn	原住民は雨水をためて飲料水にしている。
174994	jpn	原住民たちはその時初めて飛行機を見た。
174995	jpn	原子力発電所はすべての人に訴えるわけではない。
174996	jpn	原子力発電所の運転にはどんなに注意してもしすぎることはない。
174997	jpn	原子力を軍事上の目的に使用することに、われわれは絶対に賛成してはならない。
174998	jpn	原子力は平和目的に利用されることが望ましい。
174999	jpn	原子力は、人間のあらゆる夢の達成が可能なことを約束する。
175000	jpn	原子力について２つのチームが討論した。
175001	jpn	原子力が発電に使われている。
175002	jpn	原子力エネルギーを平和のために利用することができる。
175003	jpn	原子爆弾は人類をおびやかすものだ。
175004	jpn	原子爆弾は２０世紀物理学の所産だ。
175005	jpn	原子核には大量のエネルギーが封じ込められている。
175006	jpn	原始的な計算機が、コンピューターの開発されるずっと以前に存在していた。
175007	jpn	原始人はどう猛な獣を見ておびえた。
175008	jpn	原始人はその猛獣を見ておびえた。
175009	jpn	原始社会では、物々交換が行われた。
175010	jpn	原作は学校の教科書として書かれた。
175011	jpn	原稿を少し変えたいと思います。
175012	jpn	原稿とコピーは容易に見分けが付く。
175013	jpn	原稿とコピーは容易に見分けがつく。前者は後者よりもずっと鮮明だからである。
175014	jpn	原画と複製とでは色調に微妙な差異がある。
175015	jpn	原因を明らかにする。
175016	jpn	原因は何が考えられますか。
175017	jpn	原因と結果はお互い作用し合う。
175018	jpn	元来フットボールとは、ポロのように馬に乗って行われる競技とは違って、足で、ボールを使って行われる競技のことでした。
175019	jpn	元旦には近所の神社にお参りする人が多い。
175020	jpn	元日に神社へ参拝する日本人は多い。
175021	jpn	元総理大臣の鈴木氏が、委員会の議長になるだろう。
175022	jpn	元気良く起きなさい。
175023	jpn	元素記号Ｈは水素をあらわす。
175024	jpn	元気出せよ。君が思っているほど状況は悪くないんだから。
175025	jpn	元気出して。
175026	jpn	元気を出せ。そのうちなんとかなる。
175027	jpn	元気を出せよ。
175028	jpn	元気を出せ。そのうちすべてうまくいくだろう。
175029	jpn	元気を出せ、私たちはきっと助かる。
175030	jpn	元気を取り戻して人生にたちむかえ。
175031	jpn	元気よ、ありがとう。
175032	jpn	元気な若者は山登りが好きである。
175033	jpn	元気ないね。
175034	jpn	元気で活躍していることと思う。
175035	jpn	元気でやってるよ。
175036	jpn	元気でね。
175037	jpn	元気ですよ。あなたは。
175038	jpn	元気ですか。
175039	jpn	元気です。ありがとう。あなたはどうですか。
175040	jpn	元気だよ、君は？
175041	jpn	元気そうだね。
175042	jpn	元気がなくなった。
175043	jpn	元気がないわね。
175044	jpn	元気かい？今日はどんな一日を送っているのだい？
175045	jpn	元気？
175046	jpn	元気いっぱいの人々もいる。
175047	jpn	元も子もなくしてしまった。
175048	jpn	元のところへ戻しておきなさい。
175049	jpn	元どおりにしまってください。
175050	jpn	顕微鏡を使って、さらに一層、物質の核心近くまで迫ることはあるだろうが、微生物学でさえ、客観的なものであり、対象と観察者との間にスペースを置くことによって知識を拡大していくのである。
175051	jpn	顕微鏡の焦点を合わせなさい。
175052	jpn	顕微鏡と望遠鏡の違いがわかりますか。
175053	jpn	険しい山道を登るには、はじめはゆっくり登らなくてはいけない。
175054	jpn	険しいその道を行く以外に、国境へ辿り着く方法はない。
175055	jpn	険しいその道が国境へ行く唯一の方法だ。
175056	jpn	鍵を部屋のなかに置いてきた。
175057	jpn	鍵を部屋においたままドアをしめてしまいました。
175058	jpn	鍵を探すのを手伝いましょうか。
175059	jpn	鍵を捜すのを手伝ってくれませんか。
175060	jpn	鍵を求めて机の中を捜した。
175061	jpn	鍵を壊すのに困難は全くなかった。
175062	jpn	鍵を右に回しなさい。
175063	jpn	鍵をテーブルの上に置いてきました。行って取ってきてくれませんか。
175064	jpn	鍵をかけてなかったので自転車を盗まれた。
175065	jpn	鍵をいただけますか。
175066	jpn	鍵はどこにも見つからなかった。
175067	jpn	鍵のない錠のよう。
175068	jpn	鍵が見つからない。
175069	jpn	鍵が壊れているにちがいない。
175070	jpn	鍵がなかったら、彼女はその部屋に入れなかっただろう。
175071	jpn	鍵がついてるのはありますか。
175072	jpn	鍵がかけられていて中にはいれなかった。
175073	jpn	鍵がかからない。
175074	jpn	賢明にも彼は彼女の忠告に従った。
175075	jpn	賢明な母親だったら子供を叱らなかったかもしれない。
175076	jpn	賢明な投資をして彼女は一財産を蓄積した。
175077	jpn	賢明な人なら、そんなふうに行動しないだろう。
175078	jpn	賢明な経営者はコストをぎりぎりまでさげる方法を知っていますよ。
175079	jpn	賢明で助けになってくれる友人ほど貴重な価値をもつ宝はほとんどありません。
175080	jpn	賢人は皆同じように考えるものだ。
175081	jpn	賢人いわく、人生は失望の連続である。
175082	jpn	賢者は己の失策から学ぶ。
175083	jpn	賢者はひと言にして足る。
175084	jpn	賢治君はテニスをします。
175085	jpn	賢治君はテニスの選手です。
175086	jpn	賢い買い物は綿密な計画を必要とする。
175087	jpn	賢い人もいればそうでない人もいる。
175088	jpn	賢い人は歴史をせきたてようとはしない。
175089	jpn	賢い人は転んでもただでは起きない。
175090	jpn	賢い人には一言いうだけで十分である。
175091	jpn	賢い人なら息子を遊ばせてはおかないだろう。
175092	jpn	賢い人ならそんなこと言わないでしょう。
175093	jpn	賢い人なら、そんなことはしないだろうに。
175094	jpn	賢い者もあるし、そうでもない者もある。
175095	jpn	賢い子供は人生や現実について知りたがる。
175097	jpn	賢い子供なら出来る。
175098	jpn	謙虚さを身につけて。
175099	jpn	見様によっては彼女は正しい。
175100	jpn	見目より心。
175101	jpn	見逃すことはありませんよ。
175102	jpn	見渡す限り緑の野原が広がっていた。
175103	jpn	見渡す限り地面は雪で覆われていた。
175104	jpn	見渡す限り水以外何もなかった。
175105	jpn	見渡す限り人っ子一人見えなかった。
175106	jpn	見渡す限り砂以外何も見えなかった。
175107	jpn	見渡す限り砂ばかりだった。
175108	jpn	見渡す限り広々とした草原で、ところどころに小さな森があった。
175109	jpn	見渡す限り海だった。
175110	jpn	見渡す限り一面の雪景色だった。
175111	jpn	見渡す限り、野原は真っ白だった。
175112	jpn	見渡す限り、森であった。
175113	jpn	見渡す限り、砂以外何も見えない。
175114	jpn	見渡す限り、トウモロコシ畑以外何も見えなかった。
175115	jpn	見渡すかぎり砂のほかには何も見えなかった。
175116	jpn	見渡すかぎり、すべては雪におおわれていた。
175117	jpn	見渡す限り青い海しかなかった。
175118	jpn	見通しは否定的だった。
175119	jpn	見直したよ。
175120	jpn	見知らぬ男の人が私達のほうにやって来た。
175121	jpn	見知らぬ男が歩道を行ったり来たりしていた。
175122	jpn	見知らぬ男が彼女をナイフで脅した。
175123	jpn	見知らぬ男が私の襟をつかんだ。
175124	jpn	見知らぬ男が私の家の前を行ったり来たりしていた。
175125	jpn	見知らぬ男が家の前にいる。
175126	jpn	見知らぬ人をじろじろ見るのは無作法である。
175127	jpn	見知らぬ人をじろじろ見るのは不作法である。
175128	jpn	見知らぬ人に吠え掛かるのは多くの犬に共通の習慣です。
175129	jpn	見知らぬ人には心を許すな。
175130	jpn	見知らぬ人が私の方に向かってきた。
175131	jpn	見知らぬ人が私に話しかけてきた。
175132	jpn	見知らぬ人が私に学校への道を尋ねた。
175133	jpn	見知らぬ人が混み合ったバスの中で私に話しかけた。
175134	jpn	見知らぬ人が後ろから私の肩をたたいた。誰か他の人と間違えたに違いない。
175135	jpn	見知らぬ人が玄関のドアをしきりにたたいた。
175136	jpn	見知らぬ人が建物の中へ入っていきました。
175137	jpn	見知らぬ人が近づいてきて私に道を尋ねた。
175138	jpn	見知らぬ人が近づいてきて、私に博物館へ行く道をたずねた。
175139	jpn	見知らぬ人が汽車の時間を尋ねた。
175140	jpn	見知らぬ人が駅への道を尋ねた。
175141	jpn	見知らぬ人が、彼の家に忍び込むのが見られた。
175142	jpn	見損なったよ。
175143	jpn	見送りありがとう。
175144	jpn	見切り売りでたくさんもうけた。
175145	jpn	見積書には配送料と保険料についての記載がありませんでした。
175146	jpn	見上げると彼が入って来た。
175147	jpn	見出し語はアルファベット順に並んでいます。
175148	jpn	見事な作品ですね。
175149	jpn	見事テストに合格しました。
175150	jpn	見込みは君が彼をそこで見出すだろうということである。
175151	jpn	見込のありそうなことは何でも見失わないことだ。
175152	jpn	見慣れない青い鳥が屋根の上にみえる。
175153	jpn	見わたす限りラベンダーが咲いていた。
175154	jpn	見わたすかぎり砂のほかには見えなかった。
175155	jpn	見ればわかるよ。
175156	jpn	見れば見るほど、それだけ多くわかり、また興味も増してくる。
175157	jpn	見る人がすぐにそれだと気がつくように、私はオレンジ色のスカーフと白いスモックを非常に明るく描きました。
175158	jpn	見る事は信じる事だといわれる。
175159	jpn	見るべきものがかなりたくさんあった。
175160	jpn	見るのもいやなほどだ。
175161	jpn	見るに値するテレビ番組はごくわずかである。
175162	jpn	見ると彼女の赤ん坊はまだ眠っていた。
175163	jpn	見ると戸にかぎがかけられていた。
175164	jpn	見ることは信ずることなり。
175165	jpn	見ることは信じることである。
175166	jpn	見よう見真似でこんな出来のいいプログラムを書いたんだって。すごいな。
175167	jpn	見よ、世の罪を取り除く神の子羊。
175168	jpn	見なさい。その飛行機が離陸しつつあります。
175169	jpn	見なくちゃ行けない動物がたくさんいるよ。
175170	jpn	見てられないね。
175171	jpn	見て本が燃えている。
175172	jpn	見てみましょう。
175173	jpn	見てなくたっていいよ。
175174	jpn	見てしまったらそのビデオを貸してね。
175175	jpn	見てごらん。２人の男の子がけんかしている。
175176	jpn	見ておくべきだ。
175177	jpn	見ておもしろいものがたくさんあった。
175178	jpn	見ているだけだ。
175179	jpn	見ていてハラハラさせられた。
175180	jpn	見て、これは納豆です。
175181	jpn	見つけられますか。
175182	jpn	見つけた人がもらう人、なくした人は泣きをみる。
175183	jpn	見つかったらひどい目に遭うぞ。
175184	jpn	見つかったが最後、真珠は取り上げられてしますぞ。
175185	jpn	見た目には優しそうだけど、彼って皆から外柔内剛の結構なタフネゴシエータと言われているよ。
175186	jpn	見た目が邪魔だもんな。
175187	jpn	見たところ彼は正直らしい。
175188	jpn	見たところ、彼らは結婚の危機を修復しようとしている。
175189	jpn	見せてあげる。
175190	jpn	見しらぬ人が近寄ってきて私に時刻を尋ねた。
175191	jpn	見ざる聞かざる言わざる。
175192	jpn	見かけ通り彼女は行動力がある。
175193	jpn	見かけの恐ろしいクモは人を攻撃することはない。
175194	jpn	見かけで判断するな。
175195	jpn	見おろすと、たくさんビルが見えた。
175196	jpn	肩肘張って生きることはないよ。
175197	jpn	肩書きが偉くても地位が高いとは限らない。
175198	jpn	肩を痛めました。
175199	jpn	肩までの長さでカットしてください。
175200	jpn	肩に激痛を感じた。
175201	jpn	肩こりがひどいのです。
175202	jpn	肩が痛い。
175203	jpn	肩が凝っています。
175204	jpn	絹は手触りが柔らかくすべすべしている。
175205	jpn	絹は手触りが柔らかい。
175206	jpn	研修生達は彼から与えられた指示がさっぱりわからなかった。
175207	jpn	研修会は午後４時開始の予定。
175208	jpn	研修によって、従業員の非常事態への対応を迅速化できる。
175209	jpn	研究用として一部屋取っておいて。
175210	jpn	研究部長はその部門が新製品のテストをするにあたって、徹底的な仕事をさせた。
175211	jpn	研究所用備品は３月１５日までに間違いなく配達できます。
175212	jpn	研究開発にお金を割り当てる。
175213	jpn	研究は多くのエネルギーを必要とするが、研究はその努力に値するものである。
175214	jpn	研究ははかどりましたか。
175215	jpn	研究の初年度に、彼は自分がＡＬＳにかかっていることを知った。
175216	jpn	研究すればするほど、好奇心が強くなるでしょう。
175217	jpn	研究するにつれてますます心理学が面白く感じるようになった。
175218	jpn	献血はいやだ。
175219	jpn	犬を木につないでおいて下さい。
175220	jpn	犬を中へ連れ込むな。
175221	jpn	犬を中に入れるな。
175222	jpn	犬を叩くなんて彼は冷酷だ。
175223	jpn	犬を他人に任せるくらいなら、全然飼わない方がましだ。
175224	jpn	犬を捜して町を歩きまわった。
175225	jpn	犬を飼っているんだね。
175226	jpn	犬を飼うための基本的なルールは何ですか。
175227	jpn	犬を私の庭に入れないようにできないかね。
175228	jpn	犬を呼んで連れていってください。
175229	jpn	犬を見ると猫は逃げ出した。
175230	jpn	犬を見ただけで彼女は怖がった。
175231	jpn	犬を一日中家の中に入れておくな。
175232	jpn	犬をしつけるのは、容易ではない。
175233	jpn	犬も歩けば棒に当たる。
175234	jpn	犬は利口な動物である。
175235	jpn	犬は木の周りを走った。
175236	jpn	犬は木の周りをぐるぐる回った。
175237	jpn	犬は棒の匂いを嗅いでいた。
175238	jpn	犬は不安そうに主人をながめた。
175239	jpn	犬は鼻が敏感だ。
175240	jpn	犬は白と黒との区別がつく。
175241	jpn	犬は猫を追いかけようと木に登ろうとしたが、うまくいかなかった。
175242	jpn	犬は肉を骨からかじりとった。
175243	jpn	犬は突然子供に襲いかかった。
175244	jpn	犬は怒って毛を逆立てた。
175245	jpn	犬は柱に鎖でつながれていた。
175246	jpn	犬は忠実な動物です。
175247	jpn	犬は忠実です。
175248	jpn	犬は男のそばに座った。
175249	jpn	犬は男に噛みついた。
175250	jpn	犬は舌で皿をすっかりなめた。
175251	jpn	犬は誠実な動物なので、人間の友達といわれている。
175252	jpn	犬は盛んに尾を振った。
175253	jpn	犬は水の中をのぞいた。
175254	jpn	犬は人間の最良の友です。
175255	jpn	犬は人間の最良の友だといわれている。
175256	jpn	犬は人間の最も親しい友達である。
175257	jpn	犬は人間よりも速く走れる。
175258	jpn	犬は色を区別することができない。
175259	jpn	犬は少なくとも主人の帰りを待った。
175260	jpn	犬は首輪をすり抜けた。
175261	jpn	犬は主人を危害から守った。
175262	jpn	犬は主人の声を聞くやいなや弾丸のように飛んでいった。
175263	jpn	犬は主人の後を付いていった。
175264	jpn	犬は時には危険な動物である。
175265	jpn	犬は私を見るなり私に走り寄った。
175266	jpn	犬は私を見ると逃げて行った。
175267	jpn	犬は私の方に走ってきた。
175268	jpn	犬は私の袖にかみついて穴をあけた。
175269	jpn	犬は私が自分の手の届かない所にいるのを見て吠え始めた。
175270	jpn	犬は死んでいるよ。
175271	jpn	犬は四本足である。
175272	jpn	犬は黒と白の見分けがつく。
175273	jpn	犬は攻撃されなければめったにかまないものだ。
175274	jpn	犬は後ずさりした。
175275	jpn	犬は見知らぬ人の匂いをかいだ。
175276	jpn	犬は見知らぬ人にほえるものだ。
175277	jpn	犬は空腹の時、えさをがつがつ食べる。
175278	jpn	犬は確かに家庭に何か潤いを与えているね。
175279	jpn	犬は家までついてきた。
175280	jpn	犬は泳げます。
175282	jpn	犬は泳ぎますか。
175283	jpn	犬は泳ぎが上手だなんて知りませんでした。
175284	jpn	犬は一目散に逃げ出した。
175285	jpn	犬は一晩中吠えどおしだった。
175286	jpn	犬は囲いを跳び越えて庭に入ってきた。
175287	jpn	犬は暗い所でも目が見える。
175288	jpn	犬はよく骨を地面に埋める。
175289	jpn	犬はやすやすと首輪をはずした。
175290	jpn	犬はボールを追いかけた。
175291	jpn	犬はネコを木の上まで追い詰めた。
175292	jpn	犬はにおいの感覚が鋭い。
175293	jpn	犬はにおいに敏感だ。
175294	jpn	犬はトラックにはねられた。
175295	jpn	犬はどうかというと、この店へは連れて入ることはできません。
175296	jpn	犬はつないで飼わなければなりません。
175297	jpn	犬はつながれていますか。
175298	jpn	犬はちんちんをやめて四つ足に戻った。
175299	jpn	犬はそれぞれ異なった性格をもっている。
175300	jpn	犬はその肉にパクリと噛みついた。
175301	jpn	犬はその特性が猫とは異なる。
175302	jpn	犬はその魚を骨も尾も全部食べた。
175303	jpn	犬はセールスマンに噛み付いた。
175304	jpn	犬はすべて忠実だ。
175305	jpn	犬はしばしば「人間の最良の友」と呼ばれています。
175306	jpn	犬はきつねを追跡した。
175307	jpn	犬はぐるぐる駆け回った。
175308	jpn	犬はきつねを追っている。
175309	jpn	犬はうさぎを追って森の中に入った。
175310	jpn	犬はウサギを追いかけた。
175311	jpn	犬はウサギの跡を追って森の中へ入った。
175312	jpn	犬は３匹いますが、１匹が雄であとは雌です。
175313	jpn	犬はいすを飛び越えた。
175314	jpn	犬の毛はいわばセーターだ。
175315	jpn	犬の連れ込みを禁ず。
175316	jpn	犬の忠実さには感心させられる。
175317	jpn	犬の代わりに猫を飼いたい。
175318	jpn	犬の世話をしなければなりません。
175319	jpn	犬の姿を見ただけで彼はこわがる。
175320	jpn	犬に毎日えさをあげてください。
175321	jpn	犬に当てはまることはネコにも当てはまる。
175322	jpn	犬に石を投げてはいけません。
175323	jpn	犬に近寄るな。
175324	jpn	犬に近づかないよう彼女に言いなさい。
175325	jpn	犬に脚をかまれました。
175326	jpn	犬に餌をやってから、彼は自分の食事に取りかかった。
175327	jpn	もう犬に餌やった？
175328	jpn	一度悪名を取ったら最後だ。
175329	jpn	犬にボールを投げてやったら、口で捕まえた。
175330	jpn	犬にはいろいろな表情があります。
175331	jpn	犬にえさをやりましたか。
175332	jpn	犬なんかちっとも恐くない。
175333	jpn	犬と猫は対照的である。
175334	jpn	犬というものは忠実な動物である。
175335	jpn	犬たちが鹿の周りを包囲していた。
175336	jpn	犬が来るとき石がなく、石があるとき犬はこず。
175337	jpn	犬が郵便屋さんに吠えた。
175338	jpn	犬が吠えるたびに目を覚ますな。
175339	jpn	犬が吠えている。
175340	jpn	犬が怖くて子供たちは逃げた。
175341	jpn	犬が不意に飛び掛ってきた。
175342	jpn	犬が彼女の足をかんだ。
175343	jpn	犬が猫を追いかけていた。
175344	jpn	犬が猫を追いかけ、猫がネズミを追いかける。
175345	jpn	犬か猫か鶏を飼うようにしなさい。
175346	jpn	犬が庭をかけ回っていた。
175347	jpn	犬が通りを横切っているのが見えた。
175348	jpn	犬が跳ねるのをごらん。
175349	jpn	犬が侵入者に猛然と吠えかかった。
175350	jpn	犬が小さな男の子を襲った。
175351	jpn	犬が私の手に噛み付いた。
175352	jpn	犬が私のところに駆けよってきた。
175353	jpn	犬が死んだ時彼はおいおいと泣いた。
175354	jpn	犬が骨をがりがりかじっている。
175355	jpn	犬が激しく泣いたので、弟が目をさました。
175356	jpn	犬が訓練に夢中になっている。
175357	jpn	犬が魚でないのと同様、イルカは魚ではない。
175358	jpn	犬が噛み付かないように鎖で繋いだ方がよい。
175359	jpn	犬が学校までついてきた。
175360	jpn	犬が学校へ行く途中の女の子に飛びかかった。
175361	jpn	犬が外へ出ないように気をつけてください。
175362	jpn	犬が家までついて来た。
175363	jpn	犬が遠くで吠えているのが聞こえた。
175364	jpn	犬がミルクをなめてしまった。
175365	jpn	犬がトラックにひかれた。
175366	jpn	犬がとおりを渡った。
175367	jpn	犬がテーブルの周りを歩いている。
175368	jpn	犬がイスの上へ飛び上がり、５分間動かないでいた。
175369	jpn	犬が１匹、猫が１匹、カナリヤが３羽います。
175370	jpn	権力には責任が伴う。
175373	jpn	権利を行使する。
175374	jpn	権利は正確には何であるのかと聞かれて、私は説明に困った。
175375	jpn	権利ばかり主張する人が多い。
175376	jpn	検便をする必要があります。
175377	jpn	検尿をマシンに入れるだけで、具合が悪いとこを診断して、対処法を教えてくれるんだ。
175378	jpn	検事は誘導尋問をした。
175379	jpn	検察側は被告が子供を誘拐したと激しく非難した。
175380	jpn	検査は全くおざなりなものだった。
175381	jpn	検査の結果は陰性だった。
175382	jpn	検査の結果が出るまで待ってください。
175383	jpn	検査に手落ちがあったのではないだろうか。
175384	jpn	検査していただきたいのです。
175385	jpn	拳銃は預からせてもらいます。
175386	jpn	憲法を侵してはならない。
175387	jpn	拳銃は禁止されるべきだと私は思うのです。
175388	jpn	憲法を改正したいと考えている人たちがいる。
175389	jpn	憲政の危機が始まったのは、このような状況のもとであった。
175390	jpn	建雄はポケットに手を入れて券を探した。
175391	jpn	建物がとっても小さく見えるよ。
175392	jpn	建物は小麦の袋で一杯です。
175393	jpn	建築物は、現在では昔よりずっと堅牢になっている。
175394	jpn	建築資材は今高い。
175395	jpn	建築家は芸術家ぶってはならない。
175396	jpn	建築家はその家を老人の要求に合うようにした。
175397	jpn	建築のシンメトリーで、エメットは美的統一性をもった幾何学的な対称性を意味している。
175398	jpn	建築デザインの立場からいうと、このアプローチにはもっと多くの代案が考えられる。
175399	jpn	建設的な提案だよ。
175400	jpn	彼女が建設的な構想を持つ。
175402	jpn	嫌なことをあからさまに言う。
175403	jpn	嫌なら結構です。
175404	jpn	建設工事の第一段階は終わった。
175405	jpn	嫌だ！
175406	jpn	嫌そうに食事をするな。
175407	jpn	嫌いな食べ物ってありますか？
175408	jpn	堅実な草の根レベルの運動を築きあげることに集中しなければならない。
175409	jpn	堅苦しく考えないで、くつろいでください。
175410	jpn	堅苦しい礼儀は一切抜きにしましょう。
175411	jpn	喧嘩両成敗。
175412	jpn	堅苦しいことはぬきにしましょう。
175413	jpn	喧嘩を止めようとしたが容易ではなかった。
175414	jpn	喧嘩を見ようと、野次馬が集まった。
175415	jpn	喧嘩をしていた二人の子供は、お互いにしかめっ面をして座っていた。
175416	jpn	喧嘩は落度が一方にだけある場合には、永くは続かないであろう。
175417	jpn	喧嘩はやめてください。
175418	jpn	喧嘩はおさまりましたか。
175419	jpn	喧嘩の相手はだれですか。
175420	jpn	喧嘩のそば杖を食った。
175421	jpn	喧嘩では何事も解決しない。
175422	jpn	喧嘩する前に話し合おう。
175423	jpn	喧嘩したければおれが相手になってやるぜ。
175424	jpn	剣歯虎が絶滅したのは氷河時代であった。
175425	jpn	剣を取る者は皆剣で滅びる。
175426	jpn	券の手配しとくよ。
175427	jpn	兼子は新しい仕事で非常に緊張して、神経衰弱にかかってしまった。
175428	jpn	健本当にコンピューターに取り付かれているようだね。
175429	jpn	健二は友達にインド旅行の話をした。
175430	jpn	健二は英語を上手に話す。
175431	jpn	健二はコックになることに決めた。
175432	jpn	健二は医者になる望みを捨てた。
175433	jpn	健二はいつも真っ先に学校に来る。
175434	jpn	健二は、自分がハンサムだとうぬぼれてる。
175435	jpn	健太郎は京都の友達のところに滞在している。
175436	jpn	健全な民主主義には対立した二等が不可欠だ。
175437	jpn	健全な精神は健全な肉体に宿る。
175438	jpn	健全な経済には国際貿易が必要である。
175439	jpn	健康擁護論者は職場での喫煙を制限する法律を強く要求してきた。
175440	jpn	健康診断を受けに行きます。
175441	jpn	健康状態を医者に診てもらったほうがいい。
175442	jpn	健康状態のいい人にとっては山登りはたやすいことだ。
175443	jpn	健康状態について医者に診てもらった方がいい。
175444	jpn	健康状態がよくなかったので、彼は採用されなかった。
175445	jpn	健康上の理由で仕事を辞めます。
175446	jpn	健康を保つためによく寝ることが必要であると思う。
175447	jpn	健康を保つためにはたくさんの果物を食べるのがよい。
175448	jpn	健康を取り戻すのに丸一年かかった。
175449	jpn	健康を失って初めて健康のありがたみがわかる。
175450	jpn	健康を失ってはじめてその価値が分かる。
175451	jpn	健康を犠牲にしてまで働きすぎるのは賢明ではないだろう。
175452	jpn	健康を害するまでその価値はわからない。
175453	jpn	健康を害することはお金をなくすことより重大である。
175454	jpn	健康を害して初めてその価値がわかる。
175455	jpn	健康を害してはじめてその価値がわかるものだ。
175456	jpn	健康を維持するためには散歩するのが一番良い。
175457	jpn	健康をおろそかにしたことを私は悔やんでいる。
175458	jpn	健康より大切な物は無い。
175459	jpn	健康より貴重のものは何もない。
175460	jpn	健康ほど良い物はない。
175461	jpn	健康ほど大切なものはないと言われている。
175462	jpn	健康ほど大事なものはないというのは言うまでもない。
175463	jpn	健康ほど貴重な物はない。
175464	jpn	健康は富以上だ。
175465	jpn	健康は富に優る、後者は前者ほどに喜びを与えない。
175466	jpn	健康は富に勝ることは言うまでもない。
175467	jpn	健康は富に勝る。というのも、後者は前者ほど幸福をもたらさないからだ。
175468	jpn	健康は富にまさる。なぜなら前者は後者より大事なことだから。
175469	jpn	健康は富にまさる。
175470	jpn	健康は適切な食事と適度な運動にある。
175471	jpn	健康は他の何よりも価値がある。
175472	jpn	健康は他のどんなものよりも貴重である。
175473	jpn	健康は節制と両立する。
175474	jpn	健康は成功の一つの大切な条件だ。
175475	jpn	健康は幸福を増進する。
175476	jpn	健康は幸福の重要な要因だ。
175477	jpn	健康は幸福の１つの必要条件である。
175478	jpn	健康は幸福に欠くことができない。
175479	jpn	健康は何よりも重要である。
175480	jpn	健康は運動と節制と不可分の関係にある。
175481	jpn	健康はとみにまさる。後者は前者ほど人に幸福をもたらさないから。
175482	jpn	健康はとても幸せなことです。
175483	jpn	健康はすべてのものの中でもっとも貴重である。
175484	jpn	健康はお金よりも大切だ。
175485	jpn	健康はあらゆる富にまさると言っても過言ではない。
175486	jpn	健康の値打ちを知っている人たちは幸せである。
175487	jpn	健康の尊さをいくら評価してもしすぎることはない。
175488	jpn	健康の真のありがたみは健康を失ってはじめてわかる。
175489	jpn	健康の観点から見れば、東京は生活するのにそんなによい場所ではない。
175490	jpn	健康の価値は病気になるまでわからない。
175491	jpn	健康の価値はどれほど評価しても評価しすぎることはない。
175492	jpn	健康の価値はそれを失ってはじめてわかる。
175493	jpn	健康のほうが富より大事なことは言うまでもない。
175494	jpn	健康のほうが富より大事だ。
175495	jpn	健康のほうがもっと大事でしょう。
175496	jpn	健康のために毎日何か運動をしなさい。
175497	jpn	健康のために体操する。
175498	jpn	健康のためにたばこを吸うのを止めた。
175499	jpn	健康のために、食べすぎを避けるよう努力している。
175500	jpn	健康のせいで仕事がいっこうにはかどらない。
175501	jpn	健康のおかげで彼は７５歳まで働くことができた。
175502	jpn	健康に注意しなかったので、彼は病気になった。
175503	jpn	健康に気をつけなさい。
175504	jpn	健康に気をつけないので、彼は病気になった。
175505	jpn	健康にもっと注意を払うべきだ。
175506	jpn	健康には注意すべきです。
175507	jpn	健康には新鮮な空気がいる。
175508	jpn	健康には十分気をつけてください。
175509	jpn	健康には気をつけているので、彼はめったに病気をしない。
175510	jpn	健康にはよく気をつけなければいけない。
175511	jpn	健康にはいくら注意しても注意し過ぎることはない。
175512	jpn	健康にはいくら注意してもしすぎることはない。
175513	jpn	健康にはいくら注意しすぎることはない。
175514	jpn	健康にはいくら注意しすぎてもし過ぎることはありません。
175515	jpn	健康にはいくら気をつけても十分とはいえない。
175516	jpn	健康にいくら注意しても注意しすぎることはない。
175517	jpn	健康な人は健康の価値が分からない。
175518	jpn	健康なら何でもできる。
175519	jpn	健康と快活さは美を生む。
175520	jpn	健康でなければ成功を望めない。
175521	jpn	健康でなければ成功を望むことは出来ない。
175522	jpn	健康テストには年齢に関係なく応募できます。
175523	jpn	健康であれば、当然医療費を抑制できる。健康であれば働くことが出来、年金支給開始年齢の引き上げと支給額の抑制に役立つ。
175524	jpn	健康である限り、働き続けるべきだ。
175525	jpn	健康であるように気をつけるべきです。
175526	jpn	健康が富より大切なのは言うまでもない。
175527	jpn	健康が富より大切であるのは言うまでもない。
175528	jpn	健康が富に優れるということは、言うまでもない。
175529	jpn	健康が富に勝るのは言うまでも無い事だ。
175530	jpn	健康が富に勝るということは言うまでもない。
175531	jpn	健康が富に勝ることは言うまでもない。
175532	jpn	健康が富にまさるのは言うまでもない。
175533	jpn	健康が富にまさることは言うまでもないことだ。
175534	jpn	健康が彼の資本だ。
175535	jpn	健康が第一だ。
175536	jpn	健康が大切なことは言うまでもない。
175537	jpn	健康が私の唯一の資本です。
175538	jpn	健康が私にとってすべてです。
175539	jpn	健康が最も大切であることは言うまでもない。
175540	jpn	健康が最も貴重なものである。
175541	jpn	健康が幸福の第１条件です。
175542	jpn	健康が一番です。
175543	jpn	健康がまさることは言うまでもない。
175544	jpn	健康がすぐれないので彼は退職した。
175545	jpn	健康がすぐれないというのは彼にとってとても不利だ。
175546	jpn	健康がすぐれないため彼は旅行に行けなかった。
175547	jpn	健君とトニー君とではどちらが早く走りますか。
175548	jpn	健は来年で１５歳になります。
175549	jpn	健は由美に会うために公園へ行った。
175550	jpn	健は野球選手になりたがっている。
175551	jpn	健は毎日サッカーをする。
175552	jpn	健は僕に数学の試験で９５点を取ったって言っていたが、全くのでたらめだった。
175553	jpn	健は白い犬を飼っている。
175554	jpn	健は背が高いが、私は高くない。
175555	jpn	健は親にそっくりね。
175556	jpn	健は猫を２匹飼っている。
175557	jpn	健は女の子に親切です。
175558	jpn	健は次に何を言って良いか途方に暮れた。
175559	jpn	ケンは4人のうちで一番年下です。
175560	jpn	健は今朝からずっとここにいません。
175561	jpn	健は去年日本にいました。
175562	jpn	健は楽しそうに見える。
175563	jpn	健は英語だけでなくフランス語も勉強している。
175564	jpn	健は泳げますね。
175565	jpn	健は永遠に日本を離れたの？
175566	jpn	健は一度も京都を訪れたことがない。
175567	jpn	健は以前イングランドに行ったことがあります。
175568	jpn	健はまだ車を洗っていません。
175569	jpn	健はフットボールの選手です。
175570	jpn	健はビルと同じくらいの背丈です。
175571	jpn	健はなかなかのスポーツマンだ。
175572	jpn	健はとても忙しくて来ることができない。
175573	jpn	健はきのう友達と話しました。
175574	jpn	健はいくつかの卵を買うためにスーパーマーケットへ行きました。
175575	jpn	健は２人のうちで背が高いほうだ。
175576	jpn	健の犬は白い。
175577	jpn	健の犬はとても大きい。
175578	jpn	健のお母さんと友人の両方ともまもなく空港に着くでしょう。
175579	jpn	健とジョーは正午ごろに昼食を食べましたか。
175580	jpn	健とジョーはテニスをしに公園へ行ったわよ。
175581	jpn	健が結婚するのは今日です。
175582	jpn	健がテストの結果に喜ぶのも最もだ。
175583	jpn	倹約なんて私の性質上できないことだ。
175584	jpn	倹約するのも大いに結構だが、彼は極端である。
175585	jpn	件の一件でメールをいただきありがとうございました。
175586	jpn	月例のスタッフミーティングは決して月曜日には開かれない。
175587	jpn	月旅行なんてかつては途方もないことと考えられた。
175588	jpn	月曜日以外ならいつでもいいですよ。
175589	jpn	月曜日までに報告書を私に提出しなさい。
175590	jpn	月曜日までにこの仕事を終えて下さい。
175591	jpn	月曜日までにここに来ています。
175592	jpn	月曜日は日曜日の次にくる。
175593	jpn	月曜日は都合が悪いのです。
175594	jpn	月曜日は私が一番忙しい日です。
175595	jpn	月曜日は休日だと言われて私は休んでしまったが、彼らに一ぱいくわされてしまった。
175596	jpn	月曜日はいつも憂鬱だ。
175597	jpn	月曜日の１０時までにお返し下さい。
175598	jpn	月曜日に返してくれたらいいよ。
175599	jpn	月曜日にレポートを提出しなければならない。
175600	jpn	月曜日には何時間授業がありますか。
175601	jpn	月曜日にはバスはたいてい遅れる。
175602	jpn	月曜日にエヴァンス夫人はブリキの風呂桶で全員の衣類を洗いました。
175603	jpn	月曜日です。
175604	jpn	月曜日が次の会合の日と決められた。
175605	jpn	月曜までに確定見積もりが必要です。
175606	jpn	月曜までにすべてが整っていることが重要なのだ。
175607	jpn	月曜までにこの仕事を終えてください。
175608	jpn	月曜から木曜までここにおります。
175609	jpn	月曜、水曜、金曜と私は１日おきに働いている。
175610	jpn	月末に近づいている。
175611	jpn	月末にはお金がほとんどなくなります。
175612	jpn	月並みのパーティーだったよ。
175613	jpn	月賦によって人々は昔よりたくさんのものを購入できる。
175614	jpn	月日がどんどん過ぎていったが、彼の消息は何も聞こえてこなかった。
175615	jpn	月着陸は記念すべき偉業であった。
175616	jpn	月世界への旅は今世紀中に実現するだろうと一般に考えられている。
175617	jpn	月食は珍しい現象だ。
175618	jpn	月々給料の一部を貯金しておけば損はないよ。
175619	jpn	月光は水面を明るく照らした。
175620	jpn	月経周期は約４週間です。
175621	jpn	月間報告書を添付します。
175622	jpn	月一万では生活していけない。
175623	jpn	月ロケットが今晩打ち上げられるだろう。
175624	jpn	月へ旅行できる日がまもなく来るだろう。
175625	jpn	月へ旅行することを想像してごらん。
175626	jpn	月への旅行はもはや夢ではない。
175627	jpn	月は優しい光を投げかけた。
175628	jpn	月は東から上る。
175629	jpn	月は夜に輝く。
175630	jpn	月は地球の衛星である。
175631	jpn	月は地球の周りを回っている。
175632	jpn	月は地球の回りを回転している。
175633	jpn	月は地球の衛星だ。
175634	jpn	月は地球のただ一つの衛星である。
175635	jpn	月は地球から遠い。
175636	jpn	月は太陽ほど明るくは光らない。
175637	jpn	月は昇った。
175638	jpn	月は鮮やかに輝いていた。
175639	jpn	月は住むのによい所ではない。
175640	jpn	月は自分では光らない。
175641	jpn	月は月に１回地球の周りを回る。
175642	jpn	月は雲に顔を隠した。
175643	jpn	月は雲の陰に隠れています。
175644	jpn	月は雲に隠れている。
175645	jpn	月はもう上がっている。
175646	jpn	月の裏側は見えません。
175647	jpn	月の表面を歩いているところを想像できますか。
175648	jpn	月の表面はでこぼこだ。
175649	jpn	月の上にいると想像しなさい。
175650	jpn	月の重力は地球の６分の１である。
175651	jpn	月の光が明るく輝いた。
175652	jpn	月の光が弱い。
175653	jpn	月の光が湖を照らしていた。
175654	jpn	月の影響で潮の干満が起こる。
175655	jpn	月に旅行できる時がそのうちに来るだろう。
175656	jpn	月に旅行ができる日がすぐにやってくることを望んでいます。
175657	jpn	月に生物はいない。
175658	jpn	月に三ないし四回映画を見に行く。
175659	jpn	月に何回映画を見に行きますか。
175660	jpn	月には森も無い。
175661	jpn	月には草が生えて無い。
175662	jpn	月には空気がないから音がまったくない。
175663	jpn	月には空気がない。
175664	jpn	月に５万円の所得がある。
175665	jpn	月に１万円づつ銀行に払い込んだ。
175667	jpn	月に１度は家に手紙を書くべきだ。
175668	jpn	月に１回ほんの２、３行でいいからブログを書いていればそれだけで英語力が上がります。
175669	jpn	月とすっぽん。
175670	jpn	月に100万円稼ぐのは決して不可能ではありません。
175671	jpn	月が明るく輝いている。
175672	jpn	月が沈んだ。
175673	jpn	月が没した。
175674	jpn	月が澄んでいる。
175675	jpn	月が青白い顔を雲間から見せ始めた。
175676	jpn	月が水平線上に出た。
175677	jpn	月が出た。
175678	jpn	月が山の向こうから上がりつつある。
175679	jpn	月が湖に映し出されていた。
175680	jpn	月が湖に影を落としていた。
175681	jpn	月が空に低く出ている。
175682	jpn	月が丘の上に昇った。
175683	jpn	月が雲の上に出た。
175684	jpn	月が雲の後ろから現れた。
175685	jpn	月が雲の後ろから顔を出した。
175686	jpn	月が雲の間から出た。
175687	jpn	月が雲のかげから現れた。
175688	jpn	月から見ると、地球はボールのように見える。
175689	jpn	血尿が出ました。
175690	jpn	血便がでます。
175691	jpn	血筋は争えない。
175692	jpn	血液検査結果は正常です。
175693	jpn	血液検査をしましょう。
175694	jpn	血液検査をしてもらいたいんです。
175695	jpn	血液検査の結果が気になります。
175696	jpn	血液は体内を循環する。
175697	jpn	血液の循環。
175698	jpn	血液のしみはたいてい落ちない。
175699	jpn	血圧計の数値は？
175700	jpn	血圧を計りましょう。
175701	jpn	血圧は上が１５５で下が１０５です。
175702	jpn	血圧は健康のバロメーターとして重要である。
175703	jpn	血を見ると具合が悪くなる。
175704	jpn	血を見て彼女は興奮した。
175705	jpn	血を見て彼はびっくりした。
175706	jpn	血を見て彼は胸が悪くなった。
175707	jpn	血は争えぬものだ。
175708	jpn	血は争えない。
175709	jpn	血は鮮血でした。
175710	jpn	血は水よりも濃し。
175711	jpn	血は水より濃い。
175712	jpn	血は血管の中を流れる。
175713	jpn	血はどす黒かったです。
175714	jpn	あの国では血なまぐさい権力闘争が続いていました。
175715	jpn	血のかたまりが出ました。
175716	jpn	血で血を洗う。
175717	jpn	血たんが出ます。
175718	jpn	彼女の後頭部の傷から血が流れている。
175719	jpn	血が彼の傷口から流れた。
175720	jpn	血があかあかと流れた。
175721	jpn	結論を白紙にもどそう。
175722	jpn	結論を下すのは君の義務です。
175723	jpn	結論として彼は次のように言った。
175724	jpn	結婚前は両眼を大きく見開いておれ、その後は、その半ばを閉じよ。
175725	jpn	結婚生活は夫婦仲が良ければ天国であり、夫婦仲が悪ければこの世の地獄である。
175726	jpn	結婚生活は公平なギブ・アンド・テイクであるべきだ。
175727	jpn	結婚生活の型は大いに変わりつつある。
175728	jpn	結婚式は来春行われるだろう。
175729	jpn	結婚式は土曜日に行われるだろう。
175730	jpn	結婚式は十月末に行われる。
175731	jpn	結婚式は延期された。
175732	jpn	結婚式は午前中に行われた。
175733	jpn	結婚式はどこであるのですか。
175734	jpn	結婚式はいつ行われるのですか。
175735	jpn	結婚式はいつ行われましたか。
175736	jpn	結婚式は、意義深い儀式である。
175737	jpn	結婚式の後で盛大な披露宴が催された。
175738	jpn	結婚式のスピーチでくよくよすることはない。いざとなったら即興でもうまくいくもんだよ。
175739	jpn	結婚式のことだけどさあ、君の一世一代の晴れの舞台なんだから、地味婚などといわないで、パーッと派手にしたらどうなのさ。
175740	jpn	結婚式で彼女の父はただ泣いてばかりだった。
175741	jpn	結婚資金を幾らか別にとっておきなさい。
175742	jpn	結婚後も働き続ける女性がどんどん増えている。
175743	jpn	サラリーマンが社長の娘に結婚を申し込んで、断られた。
175744	jpn	結婚は天上において行われ、床入りは地上において行われる。
175745	jpn	結婚は男女の結びつきである。
175746	jpn	結婚は人生の墓場。
175747	jpn	結婚は身の枷。
175748	jpn	結婚は女性にとって必ずしも当たり前のものではなくなってきている。
175749	jpn	結婚は重大な問題だ。
175750	jpn	結婚は運次第。
175751	jpn	結婚は２人が互いを理解し合えばすばらしいものとなりうる。
175752	jpn	結婚の贈り物として伝統的にお金を与える人種集団はたくさんある。
175753	jpn	結婚の申し込みが殺到した。
175754	jpn	結婚の習慣は国によって異なる。
175755	jpn	結婚の結果、彼は心が変わった。
175756	jpn	結婚の危険な時期は朝食の時である。
175757	jpn	結婚のお祝いに、これをお贈りします。
175758	jpn	結婚には多くの苦悩があるが、独身には何の喜びもない。
175759	jpn	結婚について言えば、身を固めることは女性より男性にプラス面が大きい。
175760	jpn	結婚についての考え方について彼はとても厳格である。
175761	jpn	結婚なんてしなければよかった。
175762	jpn	結婚という制度はあまり重要ではなくなってきているようだ。
175763	jpn	結婚する前、彼女は若畑家の人だった。
175764	jpn	結婚する前、彼女はベネット家の人間だった。
175765	jpn	結婚するというのは重大な問題だ。
175766	jpn	結婚するつもりなんかこれっぽっちもありません。
175767	jpn	結婚する１週間前には途方に暮れたよ。
175768	jpn	結婚しましょう。
175769	jpn	結婚して不幸になるより、独身で平穏無事に暮らした方がいい。
175770	jpn	結婚して五年になります。
175771	jpn	結婚して一年で別れてしまった。
175772	jpn	結婚して以来、彼はマイホーム主義になった。
175773	jpn	結婚してるなんていわなかったじゃない。
175775	jpn	結婚してくれませんか。
175776	jpn	結婚してくれと言われたとき、私は言葉に窮した。
175777	jpn	結婚している人々の間では、離婚や離別が増え、その結果、片親の家庭がますます多くなっている。
175778	jpn	結婚している人は、時どき、独身であれば良いのにと思う。
175779	jpn	結婚した翌年に女の子が生まれた。
175780	jpn	結婚したら、何人子供がほしい？
175781	jpn	結婚したばかりで、これは新婚旅行です。
175782	jpn	結婚した２人は一致した世界を作るべきだ。
175783	jpn	結婚されるそうですね。
175784	jpn	結婚おめでとう。
175785	jpn	結構面白い。
175786	jpn	結構です。どうぞ。
175787	jpn	結構です。ただ見ているだけです。
175788	jpn	結構です。それにしましょう。
175789	jpn	結局友情がいちばん大切だ。
175790	jpn	結局万事旨く行くだろう。
175791	jpn	結局万事うまくいった。
175792	jpn	結局彼女は子どもなのだ。
175793	jpn	結局彼らは飛行機で行く決心をした。
175794	jpn	結局彼らは互いに折り合いがついた。
175795	jpn	結局彼は成功できなかった。
175796	jpn	結局彼は幸せを失ってしまった。
175797	jpn	結局彼はそれを買わなかった。
175798	jpn	結局彼の計画は旨く行った。
175799	jpn	結局彼が正しかったことを皆知っている。
175800	jpn	結局誰もその問題を解けなかった。
175801	jpn	結局生まれてみると赤ん坊は女の子だった。
175802	jpn	結局失敗するさ。
175803	jpn	結局私の敗訴となった。
175804	jpn	結局私を助けにやって来ないの？
175805	jpn	結局我々は妥協した。
175806	jpn	結局我々のチームは決勝戦で負けた。
175807	jpn	結局は万事うまくいくものと確信しています。
175808	jpn	結局は彼は試験に合格するでしょう。
175809	jpn	結局は同じ事になるだろう。
175810	jpn	結局は誠実さは報いられる。
175811	jpn	結局は質の良い物を買う方が得をする。
175812	jpn	結局は自分がかわいいということだな。
175813	jpn	結局は私の計画が採用された。
175814	jpn	結局は君が正しかった。
175815	jpn	結局は虻蜂とらずになってしまった。
175816	jpn	結局はツアーに入っちゃうのが安いよね。
175817	jpn	結局は、彼女も、失敗するだろう。
175818	jpn	結局の所、永遠に残るものなんてありはしないのだ。
175819	jpn	結局のところ音楽で物を言うのは才能だ。
175820	jpn	結局のところ、物価は上がるものだ。
175821	jpn	結局のところ、人生は夢のようなものだ。
175822	jpn	結局のところ、人生で一番大切な要素は驚嘆の気持ちです。
175823	jpn	結局のところ、人間が異なれば、彼らが伝統的に食べてきた食べ物の種類によって、食べ方も異なるということだ。
175824	jpn	結局のところ、あなたはもっと練習しなければならないだろう。
175825	jpn	結局なにも起こらなかった。
175826	jpn	結局その日は天気になった。
175827	jpn	結局その計画は失敗だった。
175828	jpn	結局すべてが旨く行った。
175829	jpn	結局これでは駄目だとだけ言っておこう。
175830	jpn	結局お言葉はどういう意味になるのですか。
175831	jpn	結局うまくおさまるだろう。
175832	jpn	結局いい天気になった。
175833	jpn	結局、彼は来なかった。
175834	jpn	結局、彼は大統領に立候補するように説得された。
175835	jpn	結局、彼の説明が正しいと分かった。
175836	jpn	結局、彼の説明が正しいことがわかった。
175837	jpn	結局、私達は先生に助言を求めることにした。
175838	jpn	結局、私は彼女の話が理解できなかった。
175839	jpn	結局、私はその映画を見に行かないことにした。
175840	jpn	結局、言い出しっぺの人が来てないのだけど、どういうことだ？
175841	jpn	結局、君のほうが間違っていた。
175842	jpn	結局、革命それ自体は何の成果ももたらさなかった。
175843	jpn	結局、ハムを食べたのはステラだけですからね。
175844	jpn	結局、それについて初めに話してくれる人は誰も来なかったということか。さて、どうしよう。
175845	jpn	結局、その事業は失敗に終わった。
175846	jpn	結局、お金では幸せが買えないのは本当であった。
175847	jpn	結果良ければすべて良し。
175848	jpn	結果を知ったら彼女はショックを受けるでしょう。
175849	jpn	結果は理論に矛盾しないだろう。
175850	jpn	結果は望ましいものではなかった。
175851	jpn	結果は彼の予想とは正反対だった。
175852	jpn	結果は彼の期待以下であった。
175853	jpn	結果は彼の意に満たないものだった。
175854	jpn	結果は電報で知らせてください。
175855	jpn	結果は次の通りでした。１位日本、２位スペイン、３位イタリア。
175856	jpn	結果は次の通りだった。
175857	jpn	結果は私が思った通りだった。
175858	jpn	結果は決して満足のいくものではなかった。
175859	jpn	結果は決して満足できるものではない。
175860	jpn	結果は気にするな。
175861	jpn	結果は期待外れだった。
175862	jpn	結果は概して満足のいくものだった。
175863	jpn	結果は我々の計画とは正反対だった。
175864	jpn	結果は可もなく不可もなしと言ったところです。
175865	jpn	結果は一目瞭然であった。
175866	jpn	結果はまもなく分かるだろう。
175867	jpn	結果はまことに申し分ない。
175868	jpn	結果はまだ不確かである。
175869	jpn	結果はどうなりましたか。
175870	jpn	結果はさておき、あなたの意図はよかった。
175871	jpn	結果はかなり期待外れだった。
175872	jpn	結果は１週間以内にお知らせします。
175873	jpn	結果にちっとも満足しなかった。
175874	jpn	結果についてはあまり心配していません。
175875	jpn	結果として、キャンセルすることになったけど、お互いの気持ちを知るいい機会だった。
175876	jpn	結果だけが重要だ。
175877	jpn	結果だけが必要だ。
175878	jpn	結果が分かり次第お知らせ申し上げます。
175879	jpn	結果が分かったらこちらから報告します。
175880	jpn	結果が出次第お知らせします。
175881	jpn	結果が公表され次第お知らせします。
175882	jpn	結果が公表され次第、私は君にそれを知らせた。
175883	jpn	結果がどうなるか心配だ。
175884	jpn	結果、計算ミスが多い。
175885	jpn	穴をたくさん持っていて、しかも液体を保つのに適しているのはなんだ。
175886	jpn	穴があれば入りたい心地だ。
175887	jpn	穴があれば入りたい気持ちだ。
175889	jpn	決定的な特徴は種の間で異なるということが新たにわかってきたことである。
175890	jpn	決定を下す前に事実をよく知らなければだめです。
175891	jpn	決定を下すのは彼の権限だ。
175892	jpn	決定を延ばさせてください。
175893	jpn	決定は彼しだいである。
175894	jpn	決定は先生にまかせよう。
175895	jpn	決定は君次第である。
175896	jpn	決定は延期された。それで我々は全員喜んだ。
175897	jpn	決定は延期された。
175898	jpn	決定はトムに任せよう。
175899	jpn	決定はあなたに任せる。
175900	jpn	決定の後すみやかに実行に移して欲しい。
175901	jpn	決定する前にすべてのことを考慮するようにしなさい。
175902	jpn	決定するのは君次第だ。
175903	jpn	決定すべきことは、いつ集会を開くかと言うことだった。
175904	jpn	決断の日は近い。
175905	jpn	決心する前に長所短所についてよく考えなさい。
175906	jpn	決心したからには行動せねばならぬ。
175907	jpn	決心がつきかねたので、私は感情のおもむくままに行動した。
175908	jpn	決勝戦は明日まで延期された。
175909	jpn	決勝戦はそれほど興奮する試合ではなかった。
175910	jpn	決勝戦はそれほど興奮するものではなかった。
175911	jpn	決勝戦の勝者に金のカップが贈られた。
175912	jpn	決勝戦で負けるほど悔しいものはない。
175913	jpn	決勝戦でそれぞれのチームはスタジアムに彼等の旗を運び入れた。
175914	jpn	決勝まで残った走者は５人だった。
175915	jpn	決算報告を申し上げます。
175916	jpn	決意をひるがえすな。
175917	jpn	決める前に家族と相談したいのですが。
175918	jpn	決める前にこの問題を、あらゆる面から考えてみよう。
175919	jpn	決めるのは君次第だ。
175920	jpn	決めた！今晩彼をデートに誘うわ。
175921	jpn	決まり文句は便利だ、熟慮の必要がないのだから。
175922	jpn	決まり次第教えてください。
175923	jpn	決まり次第知らせて下さい。
175924	jpn	決して約束を破るな。
175925	jpn	決まった食事以外は食べないように。
175926	jpn	決して満足などしていない。
175927	jpn	決して暴力に訴えてはいけない。
175928	jpn	決して放さないで。
175929	jpn	決して付き合いやすい男じゃない。
175930	jpn	決して病気にならないでいる事など不可能だ。
175931	jpn	決して彼は紳士ではない。
175932	jpn	決して他人の悪口を言うな。
175933	jpn	決して他人の不幸を利用してはいけない。
175934	jpn	決して身分不相応な生活をしないようにとあなたに勧めます。
175935	jpn	決して冗談じゃない。
175937	jpn	決して今の収入に満足していません。
175938	jpn	決して見かけで判断するな。
175939	jpn	決して嘘をついてはいけません。
175940	jpn	決してその計画は実行出来ないだろう。
175941	jpn	決してカンニングをしてはいけません。
175942	jpn	決してうそをつかないと約束しませんでしたか。
175943	jpn	決してうそをつかないことは美徳である。
175944	jpn	決してあなたを忘れません。
175945	jpn	決してあなたはスウィッチに触れていない。
175946	jpn	欠点ゆえにそれだけいっそう彼が好きだ。
175947	jpn	欠点はあるけれどもやはり彼が好きです。
175948	jpn	欠点はあるけれども、彼はいい奴だ。
175949	jpn	欠点はあるがやはり彼が好きです。
175950	jpn	欠点のない人間はいない。
175951	jpn	欠点なき人はなし。
175952	jpn	欠点があるにも関わらず、彼は人気がある。
175953	jpn	欠点があるにもかかわらず、だれもが彼を好きだ。
175954	jpn	欠点があるけどやはり彼が好きです。
175955	jpn	欠点があるからそれだけよけいに彼を愛している。
175956	jpn	欠点があるからかえって彼女が好きだ。
175957	jpn	欠席は前もって私に連絡して下さい。
175958	jpn	欠席した生徒は一人もいなかった。
175959	jpn	欠席された友人たちのために、乾杯しましょう。
175960	jpn	欠勤１週間になる。
175961	jpn	激論の後、喫煙者に喫煙コーナーでの喫煙を許す妥協案が生まれた。
175962	jpn	激務で彼はすっかり参った。
175963	jpn	激しく雨が降っている。
175964	jpn	激しく雨が降っていたので、ナンシーは外出するのをためらった。
175965	jpn	激しくドアをノックする音で彼は目覚めた。
175966	jpn	激しい労働の後で一休みすることほど心地よいことはない。
175967	jpn	激しい嵐に対処する準備をしておくべきだ。
175968	jpn	激しい雷鳴がした。
175969	jpn	激しい風が吹いていた。
175970	jpn	激しい戦いが兵士によってなされた。
175971	jpn	激しい雪にもかかわらず、彼女はわざわざ駅まで来た。
175972	jpn	激しい吹雪をものともせず、登山家たちは出発した。
175973	jpn	激しい運動をすると汗をかきます。
175974	jpn	激しい雨が彼らの行く手を妨げた。
175975	jpn	激しい雨が一日中降った。
175976	jpn	激しい雨がその流域に洪水をもたらした。
175977	jpn	激しいインフレに対処するには、緊縮財政が必要だと考えられている。
175978	jpn	撃ち合い場面の多い西部劇ですよ。
175979	jpn	撃ち合いが少し静まったとき、パパが走ってフラットに行って、私たちにサンドイッチを持ってきてくれたわ。
175980	jpn	撃たれりゃ死ぬわな。
175981	jpn	撃ち合いがお昼頃に始まったのよ。
175982	jpn	撃たれたのか。
175983	jpn	劇場へ行く途中、私は交通事故を見た。
175984	jpn	劇場の裏に駐車場がある。
175985	jpn	劇場の壁にかかっている写真にそっくりでした。
175986	jpn	劇場の扉の上方にかかっているその言葉は、高さ１メートルありました。
175987	jpn	劇場の前であいましょう。
175988	jpn	劇場の観客数は夏にはたいてい減少する。
175989	jpn	劇場に行ってみたら混んでいた。
175990	jpn	劇場に行く途中でヨウコにあった。
175991	jpn	劇場に向かう途中でガス欠になった。
175992	jpn	劇場には大勢の観衆がいました。
175993	jpn	劇場には多くの聴衆がいた。
175994	jpn	劇場でキャシーは母と席を替えた。
175995	jpn	劇場から続々と人が出てきた。
175996	jpn	劇は残念なくらい早く終わった。
175997	jpn	劇はちょうど定刻に始まった。
175998	jpn	劇はとても面白かった。君も行けばよかったのに。
175999	jpn	劇はだいたいにおいてとてもうまくいった。
176000	jpn	劇はいつ始まりますか。
176001	jpn	劇のこっけいな場面はやり過ぎであった。
176002	jpn	鯨を見たことがありますか。
176003	jpn	鯨は哺乳類に分類される。
176004	jpn	鯨は哺乳類である。
176005	jpn	鯨は哺乳動物である。言い換えれば子に乳を与える。
176006	jpn	鯨は保護されなければ、絶滅するだろう。
176007	jpn	鯨は地球上の最大の動物である。
176008	jpn	鯨は小魚をえさにしている。
176009	jpn	鯨は最大の哺乳動物であることはよく知られている。
176010	jpn	鯨は魚と形が似ている。
176011	jpn	鯨は魚であると信じられていた。
176012	jpn	鯨は魚ではなくて哺乳類である。
176013	jpn	鯨はプランクトンと小魚を餌にしている。
176014	jpn	鯨は海に住む巨大な哺乳類である。
176015	jpn	鯨はさかなではなくて哺乳動物である。
176016	jpn	鯨には独自の言語があると信じられている。
176017	jpn	鯨が今世紀の終わりに死に絶える可能性は五分五分である。
176018	jpn	迎えの車を待っています。
176019	jpn	迎えに来てくれてありがとう。
176020	jpn	迎えにきましょうか。
176021	jpn	迎えに来てくださってありがとうございます。
176022	jpn	芸術作品とは人間の活動の最終的な生産物であり、人類のあらゆる精神的な苦痛と、果てしない苦労と、挫折した努力を最後に正当化してくれるものなのだと私は思っていた。
176024	jpn	芸術家は年を取るにつれて画風が変わるであろう。
176025	jpn	芸術家は色彩に対する目を持っていなければならない。
176026	jpn	芸術家は時には評論を軽蔑することがある。
176027	jpn	芸術家の眼識によると、これは価値があるそうだ。
176028	jpn	芸術を理解するのに文化的背景は必要ではない。
176029	jpn	芸術は贅沢品ではない、必需品だ。
176030	jpn	芸術は長く、人生は短い。
176031	jpn	芸術は私の一生の仕事だ。
176032	jpn	芸術は我々の生活の単調さを破ってくれる。
176033	jpn	芸術の研究には立派な鑑識力が必要だ。
176034	jpn	芸術はみんなに愛されている。
176035	jpn	芸術のための芸術。
176036	jpn	芸術に没頭しているとてもたくさんの人たちとも懇意にしてきた。
176037	jpn	芸は身を助く。
176038	jpn	芸は身を助ける。
176039	jpn	鶏肉と魚ではどちらの方がすきですか。
176040	jpn	鶏口となるも牛後となるなかれ。
176041	jpn	鶏の鳴き声は夜明けの前触れです。
176042	jpn	鶏に種を、えさとして与える。
176043	jpn	軽率に答えるな。
176044	jpn	軽率な行動はするな。
176045	jpn	軽率さが彼の主な特徴である。
176046	jpn	軽食の出来るカフェがありますか。
176047	jpn	軽井沢保養地でくつろぎの一日をお過ごし下さい。
176048	jpn	軽く目玉焼きにでもしてください。
176049	jpn	軽井沢ではとても楽しかった。
176050	jpn	軽井沢は避暑地として有名である。
176051	jpn	軽く食べましょう。
176052	jpn	軽く食べておけばしばらく腹がもつだろう。
176053	jpn	軽い風邪です。
176054	jpn	軽い風邪をひいていたので、家族と指宿へ行くことはできなかった。
176055	jpn	軽い昼食をとりました。
176056	jpn	警報機が鳴っているときは絶対に踏切を渡らないでください。
176057	jpn	警部、もっと警官を投入できるようになるまでは、事態を表に出さないようにしたまえ。
176058	jpn	警備隊が皇居に２４時間配置されている。
176059	jpn	警備員に成りすまして彼は銀行に入った。
176060	jpn	警備員たちは１時間ごとに輪番で見回った。
176061	jpn	警備員が強盗に襲われた。
176062	jpn	警察当局はその犯罪が重大であると考えた。
176063	jpn	警察署内での拷問の残酷さは筆舌に尽くし難い。
176064	jpn	警察署までの行き方を教えてください。
176065	jpn	警察署は、何処にあるか教えてください。
176066	jpn	警察署にはどう行くのでしょうか。
176067	jpn	警察官は彼を殺人罪で告訴した。
176068	jpn	警察官は命がけで働く。
176069	jpn	警察官は彼らの住所氏名を詰問した。
176070	jpn	警察官は彼のポケットを調べたが、何も見つからなかった。
176071	jpn	警察官は彼に止まるように合図した。
176072	jpn	警察官は続けてこう聞いた。「賞金は何にお使いになりますか」
176073	jpn	警察官は少年の腕をつかんだ。
176074	jpn	警察官は私が交通規則を無視したと責めた。
176075	jpn	警察官は最終バスは１０時に出ると教えてくれた。
176076	jpn	警察官は行方不明の子供を捜した。
176077	jpn	警察官は勤務中の飲酒は禁止されている。
176078	jpn	警察官は勤務中に酒を飲むことは禁止されている。
176079	jpn	警察官はその少女に、いなくなった犬の大まかな絵を描くように求めた。
176080	jpn	警察官はその事件について調査することを約束した。
176081	jpn	警察官はその殺人事件をとことん調査し始めた。
176082	jpn	警察官の重要な職務の１つはどろぼうを捕らえることである。
176083	jpn	警察官だからといってみな勇敢だとは限らない。
176084	jpn	警察官が彼女に話しかけている。
176085	jpn	警察官が私を呼び止めた時、時速１２０キロで走っていた。
176086	jpn	警察官が私にとまれの合図を出した。
176087	jpn	警察官がその泥棒を逮捕した。
176088	jpn	警察を呼んで下さい。
176090	jpn	警察は力があって、動作が機敏でなければならない。
176091	jpn	警察は流血を避けたかった。
176092	jpn	警察は容疑者を逮捕した。
176093	jpn	警察は容疑者の足取りがまだつかめていない。
176094	jpn	警察は容疑者の過去を知りたがっていた。
176095	jpn	警察は目下その火事の原因を調査中である。
176096	jpn	警察は密輸のかどで彼を捕縛した。
176097	jpn	警察は暴動に対処するため迅速な行動をとった。
176098	jpn	警察は暴走族を躍起になって鎮圧しようとしている。
176099	jpn	警察は法と秩序の維持に対して責任を持つ。
176100	jpn	警察は彼女を留置場に送ると脅した。
176101	jpn	警察は彼女を無理やり白状させた。
176102	jpn	警察は彼女をパリまで追跡した。
176103	jpn	警察は彼女に橋から飛び降りないように説得した。
176104	jpn	警察は彼を捕まえた。
176105	jpn	警察は彼を盗みで告発した。
176106	jpn	警察は彼を窃盗罪で告発した。
176107	jpn	警察は彼を詳しく尋問した。
176108	jpn	警察は彼を釈放した。
176109	jpn	警察は彼を殺人罪で告発した。
176110	jpn	警察は彼を裁判に掛けられないんだ。
176111	jpn	警察は彼を告発した。
176112	jpn	警察は彼を現行犯で逮捕した。
176113	jpn	警察は彼にその殺人の容疑をかけるだろう。
176114	jpn	警察は彼をスピード違反で告発した。
176115	jpn	警察は彼を、隣国に情報を流したという罪に問った。
176116	jpn	警察は彼の腕をつかんだ。
176117	jpn	警察は彼の生活に立ち入って調べ上げた。
176118	jpn	警察は彼の失踪を調査している。
176119	jpn	警察は彼の死を殺人事件として扱っている。
176120	jpn	警察は彼の行動を疑っていた。
176121	jpn	警察は彼の過去と経歴を調べた。
176122	jpn	警察は彼に不利な証拠をたくさん集めた。
176123	jpn	警察は彼に出頭するよう命じた。
176124	jpn	警察は彼に出頭するように命じた。
176125	jpn	警察は彼にのっぴきならない不利な証拠を見つけだした。
176126	jpn	警察は彼と犯人との関係を調査している。
176127	jpn	警察は彼が否定したのを真に受けなかった。
176128	jpn	警察は彼が嘘をついたと疑っている。
176129	jpn	警察は彼から重要な情報を得た。
176130	jpn	警察は彼がどこに逃げようと捕まえるだろう。
176131	jpn	警察は彼がその犯罪に関係していると考えた。
176132	jpn	警察は犯人を見つけ出す事ができた。
176133	jpn	警察は犯人の全国的な捜索を開始した。
176134	jpn	警察は犯人の逃亡を妨げた。
176135	jpn	警察は犯人に銃を手渡すように要求した。
176136	jpn	警察は犯人がどこに住んでいるかを知った。
176137	jpn	警察は犯罪が起きたとき彼がどこにいたかを立証した。
176138	jpn	警察は爆弾を捜索する間ホテル周辺の道路を立ち入り禁止にした。
176139	jpn	警察は入手した情報にもとづいて動いている。
176140	jpn	警察は日暮れ前にその強盗を捕らえることを期待している。
176141	jpn	警察は逃げる泥棒の腕をつかんだ。
176142	jpn	警察は盗品を一ヶ月近く探し続けている。
176143	jpn	警察は盗難車を追って高速道路を走った。
176144	jpn	警察は盗みで彼を逮捕した。
176145	jpn	警察は盗まれた靴がないかとその家を捜索した。
176146	jpn	警察は怒った群衆を引き止めた。
176147	jpn	警察は鉄砲の指紋とドアの指紋とを見くらべた。
176148	jpn	警察は徹底的捜査をしようとしてた。
176149	jpn	警察は泥棒を捕まえた。
176150	jpn	警察は泥棒を追跡中である。
176151	jpn	警察は泥棒を探し出した。
176152	jpn	警察は泥棒の跡を追っている。
176153	jpn	警察は調査を続けた。
176154	jpn	警察は直ちにその事件の調査を開始した。
176155	jpn	警察は秩序を保ちます。
176156	jpn	警察は脱走犯を探している。
176157	jpn	警察は脱走した囚人をこのあたりで捜している。
176158	jpn	警察は脱獄した犯人を追跡している。
176159	jpn	警察は人々を立ち去らせた。
176160	jpn	警察は人々をその事故現場からとおざけようとした。
176161	jpn	警察は少女達に車が自分のものかどうかたずねた。
176162	jpn	警察は少女を殺害した男を逮捕した。
176163	jpn	警察は従犯者を探した。
176164	jpn	警察は車の持ち主を何とか突きとめることができた。
176165	jpn	警察は失業中の者を何名か集めた。
176166	jpn	警察は自動車事故を無謀運転によるものだと考えた。
176167	jpn	警察は時限爆弾が仕掛けられているという通報で現場に急行した。
176168	jpn	警察は事故現場の写真を何枚か撮った。
176169	jpn	警察は事故原因を入念に調査した。
176170	jpn	警察は事故の責任はタクシーの運転手にあるといって責めた。
176171	jpn	警察は事故の原因を調査中である。
176172	jpn	警察は事故の原因を調べている。
176173	jpn	警察は事件の捜査をした。
176174	jpn	警察は事件の真相を明らかにするだろう。
176175	jpn	警察は私達に事故のことを知らせた。
176176	jpn	警察は私をわきへ押しのけた。
176177	jpn	警察は私のアリバイを疑っている。
176178	jpn	警察は私が車を移動するように求めた。
176179	jpn	警察は殺人犯人を追跡した。
176180	jpn	警察は殺人犯を捕らえた。
176181	jpn	警察は殺人犯を追っている。
176182	jpn	警察は殺人者の手がかりを何か見つけ出しましたか。
176183	jpn	警察は殺人事件について新しい証拠が発見できないでいる。
176184	jpn	警察は殺人罪で沙知代を告発した。
176185	jpn	警察は昨日その容疑者を逮捕した。
176186	jpn	警察は今その交通事故を調べている。
176187	jpn	警察は国中で何百もの麻薬の手入れをおこなった。
176188	jpn	警察は行方不明の少年を捜した。
176189	jpn	警察は行方不明の書類を捜している。
176190	jpn	警察は現在事故の原因を調査中である。
176191	jpn	警察は犬にその臭いをかがせた。
176192	jpn	警察は群衆を制止するのに躍起になっている。
176193	jpn	警察は群衆を追い払った。
176194	jpn	警察は群衆を制止した。
176195	jpn	警察は群衆に上手く対処することが出来た。
176196	jpn	警察は君の事を無視すると思うよ。
176197	jpn	警察は空砲を撃った。
176198	jpn	警察は強盗犯を即座に逮捕しました。
176199	jpn	警察は強盗を逮捕した。
176200	jpn	警察は強盗を捜しています。
176201	jpn	警察は強盗を現行犯で捕まえた。
176202	jpn	警察は簡単に銃を使ってはいけない。
176203	jpn	警察は街頭デモを阻止しようとした。
176204	jpn	警察は火事の原因を調査するだろう。
176205	jpn	警察は家々を訪問した。
176206	jpn	警察は家宅捜査をし２キロのヘロインを押収した。
176207	jpn	警察は何の手がかりも見出せなかった。
176208	jpn	警察は何の手がかりも見つけられなかった。
176209	jpn	警察は飲酒運転を根絶やしにしようとしている。
176210	jpn	警察は違法駐車の取り締まりを始めた。
176211	jpn	警察はわいろを受け取ってはいけない。
176212	jpn	警察はやむなく窓からそのアパートに入った。
176213	jpn	警察はまもなく殺人犯の手がかりをつかんだ。
176214	jpn	警察はまもなく現場に着くだろう。
176215	jpn	警察はどこですか。
176216	jpn	警察はたちまち彼らを見破った。
176217	jpn	警察はたいてい路上駐車の車に目をつむる。
176218	jpn	警察はたいていここに駐車した車は大目に見る。
176219	jpn	警察はそれを調査しています。
176220	jpn	警察はそれがやばい品物なのを知ってたんだよ。
176221	jpn	警察はその老人を疑っている。
176222	jpn	警察はその犯罪を調査しようとしている。
176223	jpn	警察はその盗まれた宝石を取り戻した。
176224	jpn	警察はその男の履歴を調べた。
176225	jpn	警察はその男の身元を突きとめる事ができなかった。
176226	jpn	警察はその男の経歴を調べた。
176227	jpn	警察はその男が銀行に入るのを見つけた。
176228	jpn	警察はその走っている男を捕まえた。
176229	jpn	警察はその政治家が自分の部屋で死んでいるのを見つけた。
176230	jpn	警察はその女から何も聞き出せなかった。
176231	jpn	警察はその事故の原因を調査中である。
176232	jpn	警察はその事故がどんなふうに起きたのかを、その目撃者に詳しく話させた。
176233	jpn	警察はその事件を調査するだろう。
176234	jpn	警察はその事件を調査し始めた。
176235	jpn	警察はその事件を調べるだろう。
176236	jpn	警察はその事件を調べるためあらゆる努力をしている。
176237	jpn	警察はその事件を詳しく調査することにした。
176238	jpn	警察はその事件をどのように処理するかを説明してくれた。
176239	jpn	警察はその事件で自殺の可能性を否定した。
176240	jpn	警察はその殺人事件を徹底的に調査し始めた。
176241	jpn	警察はその殺人事件を調べている。
176242	jpn	警察はその殺人を調査中だ。
176243	jpn	警察はその行方不明の子供を捜した。
176244	jpn	警察はその交通事故の原因を調べている。
176245	jpn	警察はその件を調査することを約束した。
176246	jpn	警察はその件は無関心だった。
176247	jpn	警察はその金を取っちゃうだけで、おそらく持ち主なんか探さないよ。
176248	jpn	警察はその強盗の首を押さえた。
176249	jpn	警察はその強盗に関連のある容疑者を逮捕した。
176250	jpn	警察はその家を徹底的に捜索した。
176251	jpn	警察はそのけんかをやめさせた。
176252	jpn	警察はそのグループの動静を常に監視する。
176253	jpn	警察はそういう暴力と太刀打ち出来なかった。
176254	jpn	警察はすりを現行犯で取り押さえた。
176255	jpn	警察はすぐにその事件を調べ始めた。
176256	jpn	警察はおまえを刑務所に入れるだろうな。
176257	jpn	警察はいまだ犯人を特定できないでいる。
176258	jpn	警察はありうべき証拠を求めて家宅捜索した。
176259	jpn	警察はあの人たちの経歴を調べているところだ。
176260	jpn	警察は、逃亡者を追跡している。
176261	jpn	警察は、群衆を解散させた。
176262	jpn	警察は、娼婦全員を一列に並べさせた。
176263	jpn	警察は、その事件に関する事実を探り出した。
176264	jpn	警察は、その犯罪の解決に着手した。
176265	jpn	警察は、そのスパイを見破った。
176266	jpn	警察の調べによって彼らの秘密の生活が明るみに出た。
176267	jpn	警察の手が彼の手に回った。
176268	jpn	警察の車が事故の起きた現場の近くに止まった。
176269	jpn	警察のお尋ね者であることを彼女が知っていた男が、突然裏口に現れた。
176270	jpn	警察に連絡した方がよい。
176271	jpn	警察に捕まるような恐れがあるのですか。
176272	jpn	警察に電話したのはマイクだった。
176273	jpn	警察に行かなければなりません。
176274	jpn	警察によれば、真夏のうだるような暑さがその暴動に火をつけたということだ。
176275	jpn	警察たちはすりへの注意を促した。
176276	jpn	警察が来るまで待った方が良い。
176277	jpn	警察が来て、あらゆる証拠を調査した。
176278	jpn	警察が容疑者を捕まえた。
176279	jpn	警察が容疑者を尋問するために連行していったよ。
176280	jpn	警察が通常の操作手順をとったかどうか明らかでない。
176281	jpn	警察が追っていたのは替え玉で、その間に真犯人を逃してしまった。
176282	jpn	警察が墜落事故の原因を昼夜休むことなく調査している。
176283	jpn	警察が逮捕した男はもう釈放されている。
176284	jpn	警察が事故現場に着いた。
176285	jpn	警察が騒動に介入した。
176286	jpn	警察が事件を調べている。