5240951	ita	Vediamo come si risolvono le cose.
5241033	ita	Penso che venga dall'Austria.
5241034	ita	Io penso che venga dall'Austria.
5241036	ita	Penso che lei venga dall'Austria.
5241037	ita	Io penso che lei venga dall'Austria.
5241040	ita	Ti tengo aggiornato?
5241042	ita	Il politico accetta un'udienza mercoledì.
5241663	ita	Dov'era il gatto nero?
5241664	ita	Dove sarà la gatta nera?
5241675	ita	Gli alberi sono alti.
5241676	ita	Gli alberi sono grandi.
5241678	ita	Dio ti ama.
5241680	ita	Ti amiamo.
5241681	ita	Noi ti amiamo.
5241708	ita	Devo imparare.
5241709	ita	Io devo imparare.
5241784	ita	Ecco le ossa per il cane.
5241796	ita	I bambini sono molto curiosi e fanno molte domande.
5241928	ita	È vero che i babbuini attaccano gli umani?
5241970	ita	Abbiamo comprato due pacchetti di pistacchi.
5241973	ita	Noi abbiamo comprato due pacchetti di pistacchi.
5241978	ita	Ha l'argento vivo addosso.
5241979	ita	Lui ha l'argento vivo addosso.
5241987	ita	Non ho mai volato in prima classe.
5241988	ita	Io non ho mai volato in prima classe.
5242011	ita	Tom ha lavorato per settimane su quel progetto.
5242012	ita	Tom lavorò per settimane su quel progetto.
5242048	ita	È imprevedibile.
5242049	ita	Lui è imprevedibile.
5242056	ita	Il signor Old è molto apprezzato tra gli anziani.
5242057	ita	Vorrei che ci fossero meno compiti.
5242058	ita	Io vorrei che ci fossero meno compiti.
5242059	ita	Tom è l'unica persona che si è lamentata.
5242065	ita	Abbiamo una quota di maggioranza nella società.
5242066	ita	Noi abbiamo una quota di maggioranza nella società.
5242118	ita	Giuseppe è in giardino.
5242176	ita	Il mio vicino è un carpentiere.
5242237	ita	Oggi è il compleanno di mia zia.
5242262	ita	Mary non ha ancora pitturato la sua stanza.
5243428	ita	Il nuovo allenatore ha migliorato la qualità della squadra?
5243482	ita	Vado oggi pomeriggio.
5243516	ita	Thomas mangia come un maiale.
5243666	ita	La primavera è una bella stagione.
5243729	ita	Esce raramente la domenica.
5243730	ita	Lui esce raramente la domenica.
5243737	ita	Perché non ho un amico del genere?
5243869	ita	Quando sedete di fronte a qualcuno che si mostra amabile, deferente, cortese, è molto difficile tenere sempre a mente che nulla di ciò che dice è vero, che nulla è sincero.
5244210	ita	È uno zuccone.
5244211	ita	Lui è uno zuccone.
5244213	ita	È tonto.
5244214	ita	Lui è tonto.
5244216	ita	È fesso.
5244217	ita	Lui è fesso.
5244270	ita	È stata malata a letto per una settimana.
5244271	ita	Lei è stata malata a letto per una settimana.
5244274	ita	Un vento freddo soffiava.
5244275	ita	Sono un intermediario che introduce gli affari.
5244276	ita	Io sono un intermediario che introduce gli affari.
5244280	ita	La collega il cui marito è francese è andata a Parigi.
5244282	ita	Sono un buon cristiano.
5244283	ita	Io sono un buon cristiano.
5244284	ita	Sono una buona cristiana.
5244286	ita	Io sono una buona cristiana.
5244296	ita	Rosa Parks si rifiutò di cedere il suo posto a un passeggero bianco.
5244298	ita	Rosa Parks si è rifiutata di cedere il suo posto a un passeggero bianco.
5244337	ita	I cani stanno andando nella stessa direzione.
5244339	ita	Tom era un accanito fumatore.
5244344	ita	Cosa stava facendo Tom quaggiù?
5244345	ita	Che cosa stava facendo Tom quaggiù?
5244347	ita	Che stava facendo Tom quaggiù?
5244360	ita	I Long vendono oggetti usati a casa loro domani.
5244366	ita	Non passerà molto tempo prima che lui si faccia vivo.
5244367	ita	Non passerà molto tempo prima che si faccia vivo.
5244369	ita	Non ci vorrà molto tempo prima che lui si faccia vivo.
5244370	ita	Non ci vorrà molto tempo prima che si faccia vivo.
5244372	ita	Non ci vorrà molto prima che lui si faccia vivo.
5244373	ita	Non ci vorrà molto prima che si faccia vivo.
5244377	ita	La saliera era sul tavolo.
5244379	ita	Mi passi la saliera.
5244384	ita	La saliera sarà sul tavolo.
5244395	ita	Penso che questo maglione ti starà bene addosso.
5244396	ita	Io penso che questo maglione ti starà bene addosso.
5244397	ita	Penso che questo maglione vi starà bene addosso.
5244399	ita	Io penso che questo maglione vi starà bene addosso.
5244400	ita	Penso che questo maglione le starà bene addosso.
5244401	ita	Io penso che questo maglione le starà bene addosso.
5244404	ita	La saliera è sul tavolo.
5244411	ita	Gli ho lasciato trascorrere la notte a casa mia.
5244412	ita	Gli lasciai trascorrere la notte a casa mia.
5244651	ita	Io e mia sorella andammo al castello.
5245494	ita	Allora rimani in giardino!
5245495	ita	Allora rimanga in giardino!
5245496	ita	Allora rimanete in giardino!
5245497	ita	Allora resta in giardino!
5245498	ita	Allora restate in giardino!
5245500	ita	Allora resti in giardino!
5245592	ita	In inverno nevica molto.
5245598	ita	Chi è il tuo personaggio immaginario preferito?
5245599	ita	Chi è il suo personaggio immaginario preferito?
5245600	ita	Chi è il vostro personaggio immaginario preferito?
5245633	ita	In inverno nevicava molto.
5245634	ita	In inverno ha nevicato molto.
5245692	ita	Vendevi delle mele al mercato.
5245693	ita	Tu vendevi delle mele al mercato.
5245694	ita	Vendeva delle mele al mercato.
5245696	ita	Lei vendeva delle mele al mercato.
5245697	ita	Vendevate delle mele al mercato.
5245698	ita	Voi vendevate delle mele al mercato.
5245700	ita	Hai venduto delle mele al mercato.
5245701	ita	Tu hai venduto delle mele al mercato.
5245702	ita	Ha venduto delle mele al mercato.
5245703	ita	Lei ha venduto delle mele al mercato.
5245705	ita	Avete venduto delle mele al mercato.
5245706	ita	Voi avete venduto delle mele al mercato.
5245758	ita	Ero piuttosto malato lunedì.
5245759	ita	Io ero piuttosto malato lunedì.
5245760	ita	Ero piuttosto malata lunedì.
5245761	ita	Io ero piuttosto malata lunedì.
5245762	ita	Penso che Tom sia un bravo leader.
5245763	ita	Io penso che Tom sia un bravo leader.
5245765	ita	Stavo provando molto dolore.
5245766	ita	Io stavo provando molto dolore.
5245767	ita	So esattamente come si sente Tom.
5245768	ita	Io so esattamente come si sente Tom.
5245769	ita	Non penso che Tom viva qui.
5245770	ita	Io non penso che Tom viva qui.
5245771	ita	Non penso che Tom abiti qui.
5245772	ita	Io non penso che Tom abiti qui.
5245773	ita	Bevo la sua birra.
5245774	ita	Io bevo la sua birra.
5245775	ita	Bevo della birra.
5245776	ita	Io bevo della birra.
5245778	ita	Bevi della birra o del vino?
5245779	ita	Tu bevi della birra o del vino?
5245809	ita	Beve una birra.
5245810	ita	Lei beve una birra.
5245811	ita	Bevete una birra.
5245812	ita	Voi bevete una birra.
5245813	ita	Scusatemi, senza wasabi, per favore.
5245814	ita	Scusatemi, senza wasabi, per piacere.
5245823	ita	Butto via molte cose.
5245824	ita	Io butto via molte cose.
5245825	ita	Sono ciccione.
5245826	ita	Io sono ciccione.
5245827	ita	Sono cicciona.
5245828	ita	Io sono cicciona.
5245837	ita	Sono fiacco.
5245838	ita	Io sono fiacco.
5245839	ita	Sono fiacca.
5245840	ita	Io sono fiacca.
5245846	ita	Ho sentito che Tom era in Australia.
5245847	ita	Io ho sentito che Tom era in Australia.
5245857	ita	Marie è seduta e legge un libro.
5245871	ita	Ride perché il film è divertente.
5245872	ita	Lui ride perché il film è divertente.
5245873	ita	Stavo sudando un po'.
5245874	ita	Io stavo sudando un po'.
5245875	ita	Tom ha anche una cotta per Mary.
5245876	ita	Tom lo capisce già.
5245877	ita	Mary è sicuramente attraente.
5245878	ita	Mary è certamente attraente.
5245879	ita	Sono andato in una scuola cattolica.
5245880	ita	Io sono andato in una scuola cattolica.
5245881	ita	Sono andata in una scuola cattolica.
5245882	ita	Io sono andata in una scuola cattolica.
5245883	ita	Andai in una scuola cattolica.
5245884	ita	Io andai in una scuola cattolica.
5245885	ita	Mary è assolutamente bella.
5245886	ita	Non ero lì all'epoca.
5245887	ita	Io non ero lì all'epoca.
5245888	ita	Non c'ero all'epoca.
5245889	ita	Io non c'ero all'epoca.
5245890	ita	Vorrei vedere cos'ha Tom.
5245891	ita	Io vorrei vedere cos'ha Tom.
5245892	ita	Mi piacerebbe vedere cos'ha Tom.
5245893	ita	A me piacerebbe vedere cos'ha Tom.
5245894	ita	Io lavoro in quel lato della città.
5245895	ita	Lavoro in quel lato della città.
5245896	ita	Tom e John sono i figli di Mary.
5245897	ita	Tom e Mary si assomigliano molto.
5245898	ita	Non vorrei morire qui.
5245899	ita	Io non vorrei morire qui.
5245900	ita	Non vorrei morire qua.
5245901	ita	Io non vorrei morire qua.
5246208	ita	Lascia parlare Tom.
5246209	ita	Lasci parlare Tom.
5246210	ita	Lasciate mangiare Tom.
5246211	ita	Lasciamo parlare Tom.
5246212	ita	Perché Tom si sta comportando in modo così stupido?
5246213	ita	Perché Tom si sta comportando in maniera così stupida?
5246214	ita	Penso che abbiamo una buona squadra.
5246215	ita	Tom ha scritto a Mary questa settimana.
5246216	ita	Tom ha scritto una canzone su Mary.
5246217	ita	Tom scrisse una canzone su Mary.
5246218	ita	Penso che questo sia buono per noi.
5246219	ita	Io penso che questo sia buono per noi.
5246220	ita	Penso che questa sia una buona regola.
5246221	ita	Io penso che questa sia una buona regola.
5246222	ita	Penso che le cose andranno bene.
5246223	ita	Io penso che le cose andranno bene.
5246225	ita	Tom pensa che Mary sia un'idiota.
5246226	ita	Penso che il nostro sia molto meglio.
5246227	ita	Io penso che il nostro sia molto meglio.
5246228	ita	Penso che la nostra sia molto meglio.
5246230	ita	Io penso che la nostra sia molto meglio.
5246231	ita	Tom ha detto a Mary di rilassarsi e basta.
5246238	ita	Tom è stato assunto da noi nel 2013.
5246240	ita	Tom mi ha detto di stare rilassato.
5246241	ita	Tom mi ha detto di stare rilassata.
5246242	ita	Tom mi disse di stare rilassato.
5246243	ita	Tom mi disse di stare rilassata.
5246244	ita	Anche io pensavo che fosse divertente.
5246246	ita	Penso che tu sappia la risposta.
5246247	ita	Penso che lei sappia la risposta.
5246248	ita	Io penso che tu sappia la risposta.
5246249	ita	Io penso che lei sappia la risposta.
5246250	ita	Penso che sappiate la risposta.
5246251	ita	Io penso che sappiate la risposta.
5246253	ita	Penso che voi sappiate la risposta.
5246254	ita	Io penso che voi sappiate la risposta.
5246255	ita	Spero che Tom si sposi presto.
5246256	ita	Io spero che Tom si sposi presto.
5246258	ita	Non avevo idea che Tom stesse venendo.
5246259	ita	Io non avevo idea che Tom stesse venendo.
5246260	ita	Stavo cercando di perdere peso.
5246262	ita	Io stavo cercando di perdere peso.
5246263	ita	Stavo provando a perdere peso.
5246265	ita	Io stavo provando a perdere peso.
5246266	ita	Non dovrò rifarlo.
5246267	ita	Io non dovrò rifarlo.
5246268	ita	Non dovrò rifarla.
5246269	ita	Io non dovrò rifarla.
5246270	ita	Non lo dovrò rifare.
5246271	ita	Io non lo dovrò rifare.
5246272	ita	Non la dovrò rifare.
5246273	ita	Io non la dovrò rifare.
5246275	ita	Non rifarò questo.
5246276	ita	Io non rifarò questo.
5246278	ita	Tom e Mary ora sono fidanzati.
5246279	ita	Tom e Mary adesso sono fidanzati.
5246280	ita	Tom e Mary sono brave persone.
5246281	ita	Sia Tom che Mary hanno trent'anni.
5246282	ita	Tom e Mary hanno entrambi trent'anni.
5246285	ita	Sto facendo quello che ami fare.
5246286	ita	Io sto facendo quello che amo fare.
5246287	ita	Sia Tom che Mary non sanno nuotare.
5246288	ita	Tom e Mary sono ancora annoiati.
5246289	ita	Mi divertirò lì.
5246290	ita	Io mi divertirò lì.
5246291	ita	Penserò a quello che ho fatto.
5246292	ita	Sono stufo di questo sistema.
5246293	ita	Io sono stufo di questo sistema.
5246294	ita	Sono stufa di questo sistema.
5246295	ita	Io sono stufa di questo sistema.
5246296	ita	Tom ha fatto a tutti delle domande.
5246297	ita	Tom fece a tutti delle domande.
5246298	ita	Tom ha chiesto a Mary di spiegarlo.
5246299	ita	Tom ha chiesto a Mary di spiegarla.
5246300	ita	Tom chiese a Mary di spiegarlo.
5246301	ita	Tom chiese a Mary di spiegarla.
5246302	ita	Sono contento di essere arrivato qui in orario.
5246303	ita	Sono contenta di essere arrivata qui in orario.
5246304	ita	Tom sembra essere molto intelligente.
5246305	ita	Tom ha fatto molto più di quello.
5246306	ita	Tom fece molto più di quello.
5246309	ita	Finirò nei guai.
5246310	ita	Io finirò nei guai.
5246311	ita	Tom non ha convinto tutti.
5246312	ita	Tom non convinse tutti.
5246313	ita	Tom ha fatto quello che voleva fare.
5246314	ita	Tom fece quello che voleva fare.
5246315	ita	Quando ti hanno fatto la multa?
5246435	ita	Lui è troppo giovane.
5246465	ita	Anche le donne vogliono fare sesso.
5246467	ita	L'albero è caduto durante il tifone.
5246468	ita	L'albero cadde durante il tifone.
5246469	ita	Le tasse sono troppo alte.
5246471	ita	Io ho sentito tutto.
5246472	ita	Sentii tutto.
5246473	ita	Io sentii tutto.
5246474	ita	Porterò a Tom un po' di cibo.
5246475	ita	Io porterò a Tom un po' di cibo.
5246476	ita	Qual è il nome di questo ristorante?
5246477	ita	Come si chiama questo ristorante?
5246478	ita	Probabilmente a Tom non importa.
5246479	ita	A Tom probabilmente non importa.
5246499	ita	Di solito mi alzo presto la mattina.
5246500	ita	Solitamente mi alzo presto la mattina.
5246501	ita	Tadashi ha una voce bassa.
5246502	ita	Si intromise nella sua vita privata.
5246503	ita	Lui si intromise nella sua vita privata.
5246504	ita	Si è intromesso nella sua vita privata.
5246505	ita	Lui si è intromesso nella sua vita privata.
5246506	ita	Questo è un errore ortografico comune.
5246511	ita	Sto passeggiando nel parco con i miei figli.
5246512	ita	Io sto passeggiando nel parco con i miei figli.
5246515	ita	Perché Tom dovrebbe aiutarti?
5246516	ita	Perché Tom dovrebbe aiutarvi?
5246517	ita	Perché Tom dovrebbe aiutarla?
5246518	ita	Perché Tom ti dovrebbe aiutare?
5246519	ita	Perché Tom vi dovrebbe aiutare?
5246520	ita	Perché Tom la dovrebbe aiutare?
5246522	ita	Nel corso del tempo, le porte in legno possono deformarsi o gonfiarsi, rendendo la porta difficile da chiudere.
5246524	ita	Graham Greene è uno dei miei autori preferiti.
5246529	ita	Ho smania di uscire di casa.
5246530	ita	Io ho smania di uscire di casa.
5246597	ita	Sono tornato a casa tardi.
5246598	ita	Sono tornata a casa tardi.
5246600	ita	Tornato a casa tardi.
5246601	ita	Tom è andato a scuola in macchina.
5246602	ita	Tom andò a scuola in macchina.
5246603	ita	Non c'è niente qui dentro?
5246604	ita	Non c'è nulla qui dentro?
5246605	ita	Tom ha bevuto tre bicchieri di vino.
5246728	ita	Stiamo tutti bene.
5246731	ita	Noi stiamo tutti bene.
5246733	ita	Stiamo tutte bene.
5246734	ita	Noi stiamo tutte bene.
5246735	ita	Le illustrazioni del libro sono molto buone.
5246766	ita	Le misurazioni devono essere precise.
5246768	ita	Possiamo fermarci quando vogliamo.
5246769	ita	Noi possiamo fermarci quando vogliamo.
5246772	ita	Ci possiamo fermare quando vogliamo.
5246773	ita	Noi ci possiamo fermare quando vogliamo.
5246905	ita	Non la vidi.
5246906	ita	Io non la vidi.
5246931	ita	Ora provo a modificare questa frase.
5246957	ita	Proviamo a modificare questa frase.
5246964	ita	È un'occasione speciale.
5247057	ita	Penso che potrei ancora farlo.
5247058	ita	Io penso che potrei ancora farlo.
5247059	ita	Penso che potrei ancora farla.
5247060	ita	Io penso che potrei ancora farla.
5247123	ita	Tom diede una banana a Mary.
5247131	ita	Questa è un'occasione speciale.
5247156	ita	Tom ha sposato la figlia di Mary.
5247158	ita	Tom sposò la figlia di Mary.
5247160	ita	Tom si è sposato con la figlia di Mary.
5247161	ita	Tom si sposò con la figlia di Mary.
5247163	ita	Jean mangia una banana.
5247289	ita	Mangiavo delle fragole.
5247290	ita	Io mangiavo delle fragole.
5247346	ita	Penso che ne valga ancora la pena.
5247347	ita	Io penso che ne valga ancora la pena.
5247348	ita	Penso che sia una legge terribile.
5247349	ita	Io penso che sia una legge terribile.
5247352	ita	Tu sei in Bangladesh?
5247652	ita	Gli Italiani sono un popolo tenace.
5247827	ita	Ha il doppio dei miei anni.
5247832	ita	Ha preso un dieci.
5247833	ita	Lei ha preso un dieci.
5247835	ita	Prese un dieci.
5247837	ita	Lei prese un dieci.
5247920	ita	Tom ama quello che fa.
5247921	ita	Tom ama ciò che fa.
5247930	ita	Mio zio mi diede un libro.
5247931	ita	Scompare.
5247933	ita	Lei scompare.
5247934	ita	Tu scompari.
5247935	ita	Voi scomparite.
5247936	ita	L'albero è più alto del tetto.
5247939	ita	Stiamo finendo le munizioni.
5247940	ita	Stiamo esaurendo le munizioni.
5247942	ita	Stai ancora lavorando con lui?
5247944	ita	Sta ancora lavorando con lui?
5247946	ita	State ancora lavorando con lui?
5247958	ita	Stai ancora lavorando con lei?
5247959	ita	Sta ancora lavorando con lei?
5247960	ita	State ancora lavorando con lei?
5247968	ita	Sei ancora al lavoro?
5247969	ita	Tu sei ancora al lavoro?
5247971	ita	È ancora al lavoro?
5247972	ita	Lei è ancora al lavoro?
5247974	ita	Siete ancora al lavoro?
5247975	ita	Voi siete ancora al lavoro?
5247977	ita	Stai ancora lavorando con loro?
5247981	ita	Sta ancora lavorando con loro?
5247982	ita	State ancora lavorando con loro?
5247983	ita	Stai ancora lavorando per noi?
5248001	ita	Sta ancora lavorando per noi?
5248003	ita	State ancora lavorando per noi?
5248025	ita	Stai ancora lavorando per loro?
5248026	ita	Sta ancora lavorando per loro?
5248028	ita	State ancora lavorando per loro?
5248030	ita	Stai ancora lavorando per me?
5248033	ita	Sta ancora lavorando per me?
5248036	ita	State ancora lavorando per me?
5248038	ita	Stai ancora lavorando per lui?
5248041	ita	Sta ancora lavorando per lui?
5248044	ita	State ancora lavorando per lui?
5248048	ita	Stai ancora lavorando per lei?
5248051	ita	Sta ancora lavorando per lei?
5248052	ita	State ancora lavorando per lei?
5248054	ita	Stai ancora lavorando cameriere?
5248056	ita	Sta ancora lavorando come cameriere?
5248078	ita	Tom fa degli errori, ma in buona fede.
5248081	ita	Tom fa degli errori, però in buona fede.
5248083	ita	Tom commette degli errori, ma in buona fede.
5248086	ita	Tom commette degli errori, però in buona fede.
5248093	ita	Mi stai dicendo di non andare?
5248094	ita	Mi sta dicendo di non andare?
5248096	ita	Mi state dicendo di non andare?
5248097	ita	Non mi piacciono i ragni.
5248098	ita	A me non piacciono i ragni.
5248100	ita	Le pareti erano spoglie.
5248236	ita	Tom ha cominciato a capire.
5248238	ita	Tom cominciò a capire.
5248240	ita	Il 1989 è stato un anno difficile.
5248248	ita	Tom non mi ha mai detto il suo cognome.
5248249	ita	Penso che sia un buon progetto.
5248250	ita	Io penso che sia un buon progetto.
5248253	ita	Il governo sta cercando di riportare le cose alla normalità.
5248254	ita	Il governo sta provando a riportare le cose alla normalità.
5248263	ita	Tom ha promesso di aspettarci.
5248264	ita	Tom promise di aspettarci.
5248267	ita	Come si chiama lei?
5248296	ita	Ti ringrazio per l'avvertimento.
5248297	ita	Vi ringrazio per l'avvertimento.
5248298	ita	La ringrazio per l'avvertimento.
5248299	ita	Tom potrebbe non essere qui oggi.
5248502	ita	Ciò che sappiamo è una goccia d'acqua. Ciò che ignoriamo è un oceano.
5248578	ita	È su questo lato della strada?
5248697	ita	L'acqua non è pulita.
5248805	ita	Józsika è in giardino.
5250012	ita	Parlerai con Tom?
5250013	ita	Tu parlerai con Tom?
5250015	ita	Parlerà con Tom?
5250016	ita	Lei parlerà con Tom?
5250017	ita	Parlerete con Tom?
5250018	ita	Voi parlerete con Tom?
5250080	ita	Si sono appena fermati.
5250084	ita	Loro si sono appena fermati.
5250085	ita	Si sono appena fermate.
5250086	ita	Loro si sono appena fermate.
5250091	ita	Non ama la sua ragazza.
5250092	ita	Lui non ama la sua ragazza.
5250093	ita	Non ama la sua fidanzata.
5250094	ita	Lui non ama la sua fidanzata.
5250095	ita	Non ama la sua morosa.
5250096	ita	Lui non ama la sua morosa.
5250111	ita	Quanto spesso piove in Inghilterra?
5250117	ita	Lui mangerà.
5250489	ita	Marika ha capito l'estone?
5250490	ita	Marika capiva l'estone?
5251016	ita	Mary ne ha visto uno una volta.
5251020	ita	Mary ne ha vista una una volta.
5251033	ita	Sembrava troppo buono per essere vero.
5251034	ita	Sembrava troppo buona per essere vera.
5251213	ita	Lasciate ogni speranza, Voi ch' entrate!
5251229	ita	Ce l'hai insegnato.
5251231	ita	Ce l'ha insegnato.
5251233	ita	Ce lo avete insegnato.
5251244	ita	Tu ce l'hai insegnato.
5251246	ita	Lei ce l'ha insegnato.
5251247	ita	Voi ce lo avete insegnato.
5251309	ita	Voglio scrivere una lettera.
5251310	ita	Io voglio scrivere una lettera.
5251399	ita	Sei anche con noi?
5251406	ita	Tu sei anche con noi?
5251787	ita	Mi hai tradito.
5251788	ita	Tu mi hai tradito.
5251789	ita	Mi hai tradita.
5251790	ita	Tu mi hai tradita.
5251791	ita	Mi ha tradita.
5251792	ita	Lei mi ha tradita.
5251793	ita	Mi ha tradito.
5251794	ita	Lei mi ha tradito.
5251795	ita	Mi avete tradito.
5251796	ita	Voi mi avete tradito.
5251797	ita	Mi avete tradita.
5251798	ita	Voi mi avete tradita.
5251800	ita	Abbiamo giocato a scacchi per tutta la notte.
5251801	ita	Noi abbiamo giocato a scacchi per tutta la notte.
5251810	ita	Perché Tom non è tornato?
5251811	ita	A che ora dovremmo mangiare?
5251812	ita	Cosa mangerai oggi?
5251813	ita	Che cosa mangerai oggi?
5251814	ita	Cosa mangerà oggi?
5251815	ita	Che cosa mangerà oggi?
5251816	ita	Cosa mangerete oggi?
5251817	ita	Che cosa mangerete oggi?
5251830	ita	Perché non sono tornati?
5251831	ita	Perché non sono tornate?
5251832	ita	Giocavamo spesso a scacchi.
5251833	ita	Noi giocavamo spesso a scacchi.
5251834	ita	Tom gioca bene a tennis.
5251835	ita	Tom gioca anche a tennis.
5251836	ita	Giochi bene a tennis.
5251838	ita	Tu giochi bene a tennis.
5251840	ita	Lei gioca bene a tennis.
5251841	ita	Giocate bene a tennis.
5251842	ita	Voi giocate bene a tennis.
5251844	ita	Tom ha promesso di aspettare.
5251845	ita	Tom promise di aspettare.
5251846	ita	Chi mangerà il resto?
5251847	ita	Non lascerò andare Tom.
5251848	ita	Io non lascerò andare Tom.
5251849	ita	Non difenderò Tom.
5251850	ita	Io non difenderò Tom.
5251851	ita	Tom sta mangiando ora.
5251852	ita	Tom sta mangiando adesso.
5251857	ita	Tom non lo mangerà.
5251858	ita	Tom non la mangerà.
5251897	ita	Le pecore mangiano l'erba.
5251902	ita	Non voglio sembrare pessimista.
5251904	ita	Io non voglio sembrare pessimista.
5251905	ita	Tom non ha intenzione di arrendersi.
5251906	ita	Tom mi dà molti consigli.
5251908	ita	È stato difficile per me dire di no.
5251933	ita	È troppo tardi per andare lì ora.
5251934	ita	È troppo tardi per andare lì adesso.
5251936	ita	Non ho parlato con nessuno.
5251937	ita	Io non ho parlato con nessuno.
5251938	ita	Ho la sensazione che sia una perdita di tempo.
5251939	ita	Io ho la sensazione che sia una perdita di tempo.
5251944	ita	Non voglio morire in prigione.
5251945	ita	Io non voglio morire in prigione.
5251946	ita	Io e Tom siamo ottimi amici.
5251947	ita	Tom e Mary hanno votato per John.
5251948	ita	Tom e Mary votarono per John.
5251949	ita	Tom ha già il nostro permesso.
5251950	ita	Non capisco la politica.
5251951	ita	Io non capisco la politica.
5251956	ita	Tom non voleva neanche mangiare.
5251957	ita	Tom non voleva neppure mangiare.
5251958	ita	Tom non voleva nemmeno mangiare.
5251961	ita	È morto un mio amico di recente.
5251962	ita	È morta una mia amica di recente.
5251963	ita	È morto un mio amico recentemente.
5251964	ita	È morta una mia amica recentemente.
5251965	ita	Immagino che tu non legga molto.
5251966	ita	Immagino che lei non legga molto.
5251967	ita	Immagino che voi non leggiate molto.
5251968	ita	Tom non voleva essere lì.
5251969	ita	Tom non gioca a basket.
5252006	ita	Ci daremo al basket?
5252008	ita	Mi fanno male gli zigomi.
5252009	ita	Ho male agli zigomi.
5252010	ita	Hai gli zigomi arrossati.
5252012	ita	Ho appena sprecato tre ore cercando di riparare questa cosa.
5252014	ita	Ho appena sprecato tre ore provando a riparare questa cosa.
5252016	ita	Dove cucini?
5252017	ita	Tu dove cucini?
5252019	ita	Dove cucina?
5252020	ita	Lei dove cucina?
5252021	ita	Dove cucinate?
5252022	ita	Voi dove cucinate?
5252023	ita	Possa l'uomo o la donna migliore vincere.
5252024	ita	Il mio gatto ha un artiglio rotto.
5252025	ita	Questo artiglio non è molto affilato.
5252026	ita	Questo artiglio è molto affilato.
5252033	ita	La mia gatta ha un artiglio spezzato.
5252040	ita	Questo non è qualcosa di cui sono fiero.
5252043	ita	Questo non è qualcosa di cui sono fiera.
5252044	ita	Questo non è qualcosa di cui sono orgoglioso.
5252045	ita	Questo non è qualcosa di cui sono orgogliosa.
5252065	ita	Lo zucchero è un veleno?
5252067	ita	Voglio tuffarmi nel fiume.
5252094	ita	Ho appena sprecato tre ore cercando di fissare questa cosa.
5252095	ita	Ho appena sprecato tre ore provando a fissare questa cosa.
5252101	ita	Mi fai un massaggio agli zigomi?
5252102	ita	Voglio un massaggio agli zigomi.
5252103	ita	Vorrei un massaggio agli zigomi.
5252104	ita	Il gatto mi ha appena piantato un artiglio nel braccio.
5252105	ita	L'aquila mi ha appena piantato un affilato artiglio nell'occhio.
5252112	ita	Mi sento male per quelle persone.
5252113	ita	Io mi sento male per quelle persone.
5252114	ita	Mi sento male per quella gente.
5252116	ita	Io mi sento male per quella gente.
5252117	ita	Non voglio ingannarti.
5252118	ita	Io non voglio ingannarti.
5252119	ita	Non voglio ingannarvi.
5252120	ita	Io non voglio ingannarvi.
5252121	ita	Non voglio ingannarla.
5252122	ita	Io non voglio ingannarla.
5252124	ita	Non ti voglio ingannare.
5252125	ita	Io non ti voglio ingannare.
5252126	ita	Non vi voglio ingannare.
5252127	ita	Io non vi voglio ingannare.
5252128	ita	Non la voglio ingannare.
5252129	ita	Io non la voglio ingannare.
5252132	ita	Tom ha già il nostro rispetto.
5252181	ita	Sembra sensato.
5252182	ita	Sembra giudizioso.
5252184	ita	Sembra saggio.
5252185	ita	Sembra ponderato.
5252186	ita	Sembra di buon senso.
5252215	ita	Non voglio comprare uno yacht.
5252216	ita	Io non voglio comprare uno yacht.
5252241	ita	Lavo le mie mele.
5252242	ita	Io lavo le mie mele.
5252244	ita	Tom non aveva abbastanza tempo per fare altro.
5252285	ita	A Tom è piaciuto immediatamente.
5252286	ita	A Tom è piaciuta immediatamente.
5252287	ita	A Mary è piaciuto immediatamente.
5252288	ita	A Mary è piaciuta immediatamente.
5252290	ita	Questa azienda è una vittima del suo proprio successo.
5252291	ita	Questa ditta è una vittima del suo proprio successo.
5252338	ita	Non voglio essere ricordato.
5252340	ita	Io non voglio essere ricordato.
5252341	ita	Non voglio essere ricordata.
5252342	ita	Io non voglio essere ricordata.
5252388	ita	Esistono degli esseri sovrannaturali.
5252974	ita	Vorrebbe un po' di insalata?
5253303	ita	Ma bisogna che tutto capiti come per caso, senza dargli troppa importanza, senza la pretesa di star compiendo una operazione decisiva.
5253369	ita	Laverai una mela.
5253370	ita	Tu laverai una mela.
5253379	ita	Non ho ancora detto la mia ultima parola sulle donne: credo che, se una donna riesce a sottrarsi alla massa, e quindi a sollevarsi al di sopra di essa, è destinata a crescere continuamente, molto più di un uomo.
5253484	ita	Mio nonno è caduto e si è fratturato entrambi gli zigomi.
5253489	ita	Il modo migliore è prendere le cose così come vengono.
5253506	ita	Andrò a Boston in primavera.
5253507	ita	Io andrò a Boston in primavera.
5253531	ita	Grazie di tradurre le mie frasi. Lo apprezzo.
5254079	ita	Questo non è un alieno. È solo uno strano animale.
5254080	ita	Tomi ha fatto finta di essere ricco.
5254082	ita	Tomi ha fatto finta di dormire.
5254083	ita	Tomi sbatte la porta di ingresso.
5254084	ita	Mari è pazza per lo sport.
5254085	ita	Entrambi arrossirono.
5254086	ita	Raramente la famiglia di Tomi mangia assieme.
5254087	ita	Tomi ha comprato un regalo per suo figlio.
5254090	ita	Tomi abita in una brutta zona.
5254091	ita	Tomi vive in una zona malfamata.
5254092	ita	Hai parlato di me ai tuoi genitori?
5254093	ita	Non sempre le persone agiscono ragionevolmente.
5254094	ita	Hai parlato di lui ai tuoi genitori?
5254095	ita	Hai parlato di lei ai tuoi genitori?
5254097	ita	Tomi è un pessimo baciatore.
5254098	ita	Tomi è stato la mia prima cotta.
5254104	ita	Tomi, mi ami ancora?
5254105	ita	Mi sembra di essere innamorato di Tomi.
5254108	ita	Mi sembra di essere innamorata di Tomi.
5254112	ita	Mi pento di aver baciato Tomi.
5254115	ita	Lo zucchero è veleno?
5254987	ita	Dovrai incubare le uova artificialmente.
5254989	ita	Tu dovrai incubare le uova artificialmente.
5254990	ita	Dovrà incubare le uova artificialmente.
5254991	ita	Lei dovrà incubare le uova artificialmente.
5254992	ita	Dovrete incubare le uova artificialmente.
5254994	ita	Voi dovrete incubare le uova artificialmente.
5255084	ita	Pensavo che quello avrebbe fatto ridere Tom.
5255085	ita	Io pensavo che quello avrebbe fatto ridere Tom.
5255249	ita	A me piacciono i gatti.
5255274	ita	Tom ovviamente non era felice.
5255306	ita	Tom sa che non sarà facile.
5255307	ita	Tom lo sa che non sarà facile.
5255315	ita	Ne sono piuttosto sicuro.
5255317	ita	Io ne sono piuttosto sicuro.
5255318	ita	Ne sono piuttosto sicura.
5255319	ita	Io ne sono piuttosto sicura.
5255441	ita	Tom sa che può fare di meglio.
5255927	ita	È bastato mettere la crocetta su quel simbolo?
5255968	ita	Mary si è vestita.
5255969	ita	Mary si vestì.
5255991	ita	Tom vuole il mio aiuto.
5256022	ita	Tom sapeva cosa doveva fare.
5256085	ita	Tom non è molto carismatico.
5256087	ita	Non sono sicuro che ne valga la pena.
5256088	ita	Io non sono sicuro che ne valga la pena.
5256089	ita	Non sono sicura che ne valga la pena.
5256091	ita	Io non sono sicura che ne valga la pena.
5256093	ita	Tom non è neanche nella squadra.
5256095	ita	Tom non è neppure nella squadra.
5256096	ita	Tom non è nemmeno nella squadra.
5256424	ita	Avevo sperato di vedere Tom.
5256425	ita	Io avevo sperato di vedere Tom.
5257165	ita	Cantiamo qualche vecchia canzone.
5257169	ita	Tom mi ha detto che vuole andare a Boston.
5257177	ita	Mi piacciono le canzoni di Ozodbek.
5257178	ita	A me piacciono le canzoni di Ozodbek.
5257184	ita	Siamo arrivate in macchina.
5257185	ita	Noi siamo arrivate in macchina.
5257186	ita	Siamo arrivati in macchina.
5257187	ita	Noi siamo arrivati in macchina.
5257191	ita	Il cadavere non è ancora stato rinvenuto.
5257192	ita	Il suo cadavere non fu mai rinvenuto.
5257194	ita	Questo metallo è stato appena rinvenuto.
5257195	ita	Questo metallo deve essere assolutamente rinvenuto.
5257196	ita	Questo metallo deve essere assolutamente rinvenuto?
5257198	ita	Questo metallo è stato appena rinvenuto?
5257217	ita	Non ha provato a tradurre la lettera.
5257218	ita	Lei non ha provato a tradurre la lettera.
5257219	ita	Non provò a tradurre la lettera.
5257221	ita	Lei non provò a tradurre la lettera.
5257235	ita	Il cadavere non è ancora stato rinvenuto?
5257236	ita	Il suo cadavere non fu mai rinvenuto?
5257239	ita	Tom sembra essere un po' più alto di Mary.
5257243	ita	Questa sbarra d'acciaio deve essere rinvenuta.
5257245	ita	Questo acciaio non deve essere rinvenuto.
5257246	ita	Questo acciaio non deve essere rinvenuto?
5257251	ita	È spesso in ritardo al lavoro.
5257252	ita	Lui è spesso in ritardo al lavoro.
5258058	ita	Non te lo do.
5258059	ita	Io non te lo do.
5258061	ita	Non te la do.
5258062	ita	Io non te la do.
5258063	ita	Non ve lo do.
5258064	ita	Io non ve lo do.
5258065	ita	Non ve la do.
5258067	ita	Io non ve la do.
5258068	ita	Non glielo do.
5258069	ita	Io non glielo do.
5258070	ita	Non gliela do.
5258071	ita	Io non gliela do.
5258557	ita	Ho già finito quello che dovevo fare.
5258558	ita	Io ho già finito quello che dovevo fare.
5259518	ita	Devo scrivere delle lettere.
5259519	ita	Io devo scrivere delle lettere.
5260098	ita	Ho dato una coperta a Tom.
5260099	ita	Diedi una coperta a Tom.
5260106	ita	Laverò la mia mela.
5260107	ita	Io laverò la mia mela.
5260108	ita	Tatoeba, è magnifico perché c'è sempre qualcuno a correggere le tue frasi.
5260110	ita	Non ci avevo fatto caso.
5260113	ita	Da dove viene questo lezzo?
5260114	ita	Da dove viene questo lezzo tremendo?
5260115	ita	C'è un grande sfavillio qui dentro.
5260116	ita	Purtroppo non c'era nessuno a dircelo.
5260118	ita	Non c'era nessuno a dircelo.
5260119	ita	Non riesco a capire la fonte di questo sfavillio.
5260120	ita	Da dove viene tutto questo sfavillio?
5260121	ita	Qual è la fonte di questo sfavillio?
5260122	ita	Ti prego, aiutami a trovare la fonte di questo sfavillio.
5260123	ita	Avrò delle lettere da scrivere.
5260124	ita	Io avrò delle lettere da scrivere.
5260214	ita	Ucciderò quella canaglia con le mie stesse mani!
5260515	ita	C'è un uccello in cielo.
5260520	ita	Médus bussa alla porta.
5260665	ita	Sta leggendo un romanzo ora.
5260667	ita	Lui sta leggendo un romanzo ora.
5260668	ita	Sta leggendo un romanzo adesso.
5260669	ita	Lui sta leggendo un romanzo adesso.
5260670	ita	Sta leggendo un romanzo.
5260671	ita	Lui sta leggendo un romanzo.
5260673	ita	Sta leggendo un romanzo in questo momento.
5260676	ita	Lui sta leggendo un romanzo in questo momento.
5260737	ita	Il naso di Julia non è brutto.
5260919	ita	Noi siamo in due.
5262235	ita	Mary era molto comprensiva.
5262238	ita	Avete fatto bene a dircelo.
5262240	ita	Che lezzo disgustoso!
5262244	ita	Tom era molto comprensivo.
5262276	ita	Possiamo averlo ora?
5262277	ita	Possiamo averlo adesso?
5262278	ita	Lo possiamo avere ora?
5262279	ita	Lo possiamo avere adesso?
5262280	ita	La possiamo avere ora?
5262281	ita	La possiamo avere adesso?
5262282	ita	Possiamo averla ora?
5262283	ita	Possiamo averla adesso?
5263585	ita	Ho piantato un albero.
5263587	ita	Io ho piantato un albero.
5263850	ita	Oggi ho dimenticato di telefonargli.
5263851	ita	Oggi ho dimenticato di telefonarle.
5263852	ita	Oggi ho scordato di telefonargli.
5263853	ita	Oggi ho scordato di telefonarle.
5263950	ita	Che caldo oggi!
5263956	ita	Che caldo che c'è oggi!
5264320	ita	Evidentemente Tom non voleva andare.
5265843	ita	Resterò a letto un giorno in più, giusto per precauzione.
5265844	ita	Io resterò a letto un giorno in più, giusto per precauzione.
5265847	ita	Aspettate fino a nuovo ordine.
5265848	ita	Aspetti fino a nuovo ordine.
5265849	ita	Aspetta fino a nuovo ordine.
5265863	ita	Avrei dovuto scrivere la lettera ieri.
5265864	ita	Io avrei dovuto scrivere la lettera ieri.
5265886	ita	L'atmosfera è fatta di ossigeno.
5265887	ita	Ho appena visto Tom nella hall.
5265888	ita	Io ho appena visto Tom nella hall.
5265889	ita	Ho appena visto Tom nell'atrio.
5265891	ita	Io ho appena visto Tom nell'atrio.
5265894	ita	Lui è perdutamente innamorato.
5265895	ita	È perdutamente innamorato.
5265896	ita	Lui è follemente innamorato.
5265897	ita	È follemente innamorato.
5265905	ita	Io ho imparato la posizione del loto al corso di yoga.
5265906	ita	Imparai la posizione del loto al corso di yoga.
5265907	ita	Io imparai la posizione del loto al corso di yoga.
5265908	ita	La signora si è trasferita qui un mese fa.
5265909	ita	Penso che ci restino delle cose da regolare.
5265910	ita	Io penso che ci restino delle cose da regolare.
5265911	ita	Penso che ci rimangano delle cose da regolare.
5265912	ita	Io penso che ci rimangano delle cose da regolare.
5265916	ita	Ha scoperto le tre leggi della fisica.
5265917	ita	Lui ha scoperto le tre leggi della fisica.
5265918	ita	Scoprì le tre leggi della fisica.
5265919	ita	Lui scoprì le tre leggi della fisica.
5265921	ita	Tom mi ha trovato un buon posto in cui vivere.
5265922	ita	Tom mi trovò un buon posto in cui vivere.
5265923	ita	Andrò se il tempo è buono.
5265924	ita	Io andrò se il tempo è buono.
5266395	ita	Non c'è ragione di prendere una macchina fotografica.
5266397	ita	Tom vuole conoscere meglio Mary.
5266402	ita	Il go è la mia unica distrazione.
5266403	ita	Il go è la mia sola distrazione.
5266409	ita	L'acqua congelerà a zero gradi Celsius, giusto?
5266414	ita	La neve ci piace.
5266431	ita	Lo garantisce.
5266432	ita	Lei lo garantisce.
5266433	ita	La garantisce.
5266434	ita	Lei la garantisce.
5266437	ita	Lui lo garantisce.
5266440	ita	Lui la garantisce.
5266460	ita	Dove posso comprare dei biglietti?
5266461	ita	È davvero un'ottima idea.
5266462	ita	È veramente un'ottima idea.
5266463	ita	C'è semplicemente troppo da fare.
5266464	ita	Ci sono semplicemente troppe cose da fare.
5266465	ita	La prima moglie di Dan era morta di cause naturali.
5266468	ita	Prenderò la mia laurea tra due anni.
5266470	ita	Io prenderò la mia laurea tra due anni.
5266516	ita	La campana della chiesa suonava alle tre.
5266518	ita	Come ti vanno le cose?
5266522	ita	Come vi vanno le cose?
5266523	ita	Come le vanno le cose?
5266714	ita	Sono bravo a cucinare.
5266715	ita	Io sono bravo a cucinare.
5266717	ita	Sono brava a cucinare.
5266718	ita	Io sono brava a cucinare.
5266881	ita	Un prigioniero è fuggito dalla prigione.
5266882	ita	Un prigioniero fuggì dalla prigione.
5266896	ita	L'ossigeno dall'aria si scioglie nell'acqua.
5266899	ita	Ho finito di pulire la mia camera.
5266900	ita	Ho finito di pulire la mia stanza.
5266905	ita	È stato ucciso da una mina.
5266906	ita	Lui è stato ucciso da una mina.
5266907	ita	Fu ucciso da una mina.
5266908	ita	Lui fu ucciso da una mina.
5266945	ita	Cookie ha dieci anni in meno di Kate.
5266946	ita	Lo scrittore vive in una capanna di legno.
5266947	ita	Lo scrittore abita in una capanna di legno.
5267651	ita	Quando andiamo a fare un giro?
5267663	ita	Le rose rosa sono belle.
5267667	ita	Lei riceve un salario alto.
5267705	ita	Mi sbagliavo su di lui.
5267706	ita	Io mi sbagliavo su di lui.
5267707	ita	Mi sbagliavo su me stesso.
5267708	ita	Io mi sbagliavo su me stesso.
5267709	ita	Mi sbagliavo su me stessa.
5267710	ita	Io mi sbagliavo su me stessa.
5267744	ita	Io e Tom siamo quasi alti uguali.
5267745	ita	Mi sbagliavo a riguardo.
5267746	ita	Io mi sbagliavo a riguardo.
5267747	ita	Io mi sbagliavo su di te.
5267748	ita	Io mi sbagliavo su di voi.
5267749	ita	Io mi sbagliavo su di lei.
5267750	ita	Mi sbagliavo su Tom.
5267751	ita	Io mi sbagliavo su Tom.
5267752	ita	Mi sbagliavo su di loro.
5267753	ita	Io mi sbagliavo su di loro.
5267757	ita	Mi sbagliavo su quello.
5267758	ita	Io mi sbagliavo su quello.
5267759	ita	Mi sbagliavo su quella.
5267760	ita	Io mi sbagliavo su quella.
5267763	ita	Mi sbagliavo così tanto su Tom.
5267764	ita	Io mi sbagliavo così tanto su Tom.
5267765	ita	Mi sbagliavo così tanto su di te.
5267766	ita	Io mi sbagliavo così tanto su di te.
5267767	ita	Mi sbagliavo così tanto su di voi.
5267768	ita	Io mi sbagliavo così tanto su di voi.
5267769	ita	Mi sbagliavo così tanto su di lei.
5267770	ita	Io mi sbagliavo così tanto su di lei.
5267774	ita	Mi sbagliavo così tanto su di lui.
5267775	ita	Io mi sbagliavo così tanto su di lui.
5267776	ita	Mi sbagliavo così tanto su di loro.
5267777	ita	Io mi sbagliavo così tanto su di loro.
5267778	ita	Sembra che mi sia sbagliato su Tom.
5267779	ita	Sembra che mi sia sbagliata su Tom.
5267780	ita	Sembra che mi sia sbagliato su di te.
5267781	ita	Sembra che mi sia sbagliata su di te.
5267782	ita	Sembra che mi sia sbagliato su di voi.
5267783	ita	Sembra che mi sia sbagliata su di voi.
5267784	ita	Sembra che mi sia sbagliato su di lei.
5267785	ita	Sembra che mi sia sbagliata su di lei.
5267788	ita	Sembra che mi sia sbagliato su di lui.
5267789	ita	Sembra che mi sia sbagliata su di lui.
5267790	ita	Sembra che mi sia sbagliato su di loro.
5267791	ita	Sembra che mi sia sbagliata su di loro.
5267792	ita	Sembra che mi sia sbagliato a riguardo.
5267793	ita	Sembra che mi sia sbagliata a riguardo.
5267807	ita	Tom è ancora un prigioniero.
5267808	ita	Le mie scarpe nere hanno bisogno di riparazioni ai tacchi.
5267809	ita	Ti aiuterò a trovarla.
5267810	ita	Io ti aiuterò a trovarla.
5267811	ita	Vi aiuterò a trovarla.
5267812	ita	Io vi aiuterò a trovarla.
5267813	ita	La aiuterò a trovarla.
5267814	ita	Io la aiuterò a trovarla.
5267815	ita	Ti aiuterò a trovarlo.
5267817	ita	Io ti aiuterò a trovarlo.
5267818	ita	Vi aiuterò a trovarlo.
5267820	ita	Io vi aiuterò a trovarlo.
5267821	ita	La aiuterò a trovarlo.
5267822	ita	Io la aiuterò a trovarlo.
5267824	ita	Ti aiuterò a trovare Tom.
5267825	ita	Io ti aiuterò a trovare Tom.
5267826	ita	Vi aiuterò a trovare Tom.
5267827	ita	Io vi aiuterò a trovare Tom.
5267828	ita	La aiuterò a trovare Tom.
5267829	ita	Io la aiuterò a trovare Tom.
5267830	ita	Ti aiuterò a trovarli.
5267831	ita	Io ti aiuterò a trovarli.
5267832	ita	Vi aiuterò a trovarli.
5267833	ita	Io vi aiuterò a trovarli.
5267834	ita	La aiuterò a trovarli.
5267835	ita	Io la aiuterò a trovarli.
5267836	ita	Ti aiuterò a trovarle.
5267837	ita	Io ti aiuterò a trovarle.
5267838	ita	Vi aiuterò a trovarle.
5267839	ita	Io vi aiuterò a trovarle.
5267840	ita	La aiuterò a trovarle.
5267841	ita	Io la aiuterò a trovarle.
5267842	ita	Proverò ad aiutarti a trovare le risposte.
5267843	ita	Proverò ad aiutarvi a trovare le risposte.
5267844	ita	Proverò ad aiutarla a trovare le risposte.
5267845	ita	Cercherò di aiutarti a trovare le risposte.
5267846	ita	Cercherò di aiutarvi a trovare le risposte.
5267847	ita	Cercherò di aiutarla a trovare le risposte.
5267850	ita	C'è della cera sul tappeto.
5267851	ita	La Gran Bretagna è anche un'isola.
5267852	ita	Lei suona il piano.
5267853	ita	Suona il pianoforte.
5267854	ita	Lei suona il pianoforte.
5267856	ita	Una di quelle persone può essere lui.
5267857	ita	Una di quelle persone può essere lei.
5267858	ita	Una di quelle persone può essere Tom.
5267859	ita	Una di quelle persone potrebbe essere Tom.
5267864	ita	In realtà non ho ancora finito i miei compiti.
5267865	ita	In realtà io non ho ancora finito i miei compiti.
5267867	ita	Gli piace lo sport.
5267868	ita	A lui piace lo sport.
5267871	ita	Lei ha i capelli biondi.
5267872	ita	Non ricordo la gradazione della birra che ho bevuto.
5267873	ita	Non ricordo la gradazione della birra che ho bevuto ieri sera.
5267874	ita	Non ricordo la gradazione della birra che ho bevuto quella volta.
5267875	ita	Non ricordo la gradazione della birra che ho bevuto quella sera.
5267876	ita	Non ricordo la gradazione della birra che ho bevuto durante la cena.
5267881	ita	I tre grandi uomini mangiano.
5267886	ita	Non mi volevo arrendere.
5267887	ita	Io non mi volevo arrendere.
5267888	ita	Non volevo arrendermi.
5267889	ita	Io non volevo arrendermi.
5267891	ita	Tom ha una sorella maggiore.
5267898	ita	Tom è felice di essere a casa.
5267903	ita	Lui ha i capelli biondi.
5267979	ita	Tom ti ha trovato?
5267981	ita	Tom ti ha trovata?
5267982	ita	Tom l'ha trovato?
5267983	ita	Tom l'ha trovata?
5267984	ita	Tom vi ha trovati?
5267986	ita	Tom vi ha trovate?
5267988	ita	Li hai trovati?
5267990	ita	Li ha trovati?
5267991	ita	Li avete trovati?
5267992	ita	Le hai trovate?
5267994	ita	Le ha trovate?
5267995	ita	Le avete trovate?
5267999	ita	Hai trovato il tuo libro?
5268000	ita	Ha trovato il suo libro?
5268001	ita	Avete trovato il vostro libro?
5268005	ita	Hai trovato le tue chiavi?
5268006	ita	Ha trovato le sue chiavi?
5268008	ita	Avete trovato le vostre chiavi?
5268009	ita	Quando l'hai scoperto?
5268010	ita	Quando l'ha scoperto?
5268011	ita	Quando lo avete scoperto?
5268021	ita	Dove hai trovato Tom?
5268022	ita	Dove ha trovato Tom?
5268023	ita	Dove avete trovato Tom?
5268025	ita	Hai trovato la tua borsetta?
5268026	ita	Ha trovato la sua borsetta?
5268028	ita	Avete trovato la vostra borsetta?
5268031	ita	Il veleno può ucciderti.
5268032	ita	Il veleno può uccidervi.
5268033	ita	Il veleno può ucciderla.
5268034	ita	Il veleno ti può uccidere.
5268035	ita	Il veleno vi può uccidere.
5268036	ita	Il veleno la può uccidere.
5268037	ita	Devo scrivere un SMS.
5268038	ita	Io devo scrivere un SMS.
5268040	ita	Ho letto una sinossi del film.
5268041	ita	Io ho letto una sinossi del film.
5268042	ita	Lessi una sinossi del film.
5268043	ita	Io lessi una sinossi del film.
5268044	ita	Leggo una sinossi del film.
5268045	ita	Io leggo una sinossi del film.
5268286	ita	Come li hai trovati?
5268287	ita	Come li ha trovati?
5268289	ita	Come li avete trovati?
5268290	ita	Come le hai trovate?
5268292	ita	Come le ha trovate?
5268293	ita	Come le avete trovate?
5268295	ita	Dove li possiamo trovare?
5268296	ita	Dove le possiamo trovare?
5268298	ita	Come li troviamo?
5268299	ita	Come le troviamo?
5268300	ita	Come li possiamo trovare?
5268301	ita	Come le possiamo trovare?
5268307	ita	Come lo possiamo trovare?
5268309	ita	Come la possiamo trovare?
5268312	ita	Li voglio trovare.
5268313	ita	Io li voglio trovare.
5268314	ita	Le voglio trovare.
5268315	ita	Io le voglio trovare.
5268319	ita	Noi accettiamo volentieri la tua offerta.
5268349	ita	Non li ho trovati.
5268350	ita	Io non li ho trovati.
5268351	ita	Non le ho trovate.
5268352	ita	Io non le ho trovate.
5268353	ita	Troviamoli.
5268354	ita	Troviamole.
5268355	ita	Troviamolo.
5268357	ita	Troviamola.
5268359	ita	Devo trovarli.
5268360	ita	Io devo trovarli.
5268361	ita	Devo trovarle.
5268362	ita	Io devo trovarle.
5268363	ita	Li devo trovare.
5268364	ita	Io li devo trovare.
5268365	ita	Le devo trovare.
5268366	ita	Io le devo trovare.
5268369	ita	Io devo trovarlo.
5268370	ita	Lo devo trovare.
5268371	ita	Io lo devo trovare.
5268373	ita	Io devo trovarla.
5268374	ita	La devo trovare.
5268375	ita	Io la devo trovare.
5268376	ita	Vai a trovarli.
5268377	ita	Vai a trovarle.
5268378	ita	Vada a trovarli.
5268379	ita	Vada a trovarle.
5268380	ita	Andate a trovarli.
5268381	ita	Andate a trovarle.
5268383	ita	Perché non vai a trovarli?
5268384	ita	Perché non vai a trovarle?
5268386	ita	Perché non va a trovarli?
5268387	ita	Perché non va a trovarle?
5268388	ita	Perché non andate a trovarli?
5268389	ita	Perché non andate a trovarle?
5268402	ita	Non disturbarci.
5268403	ita	Non disturbateci.
5268404	ita	Non ci disturbi.
5268405	ita	Non ci disturbare.
5268406	ita	Non ci disturbate.
5268408	ita	Perché incolpare noi?
5268409	ita	Perché incolpare loro?
5268410	ita	Perché incolpare me?
5268411	ita	Perché incolpare lui?
5268412	ita	Perché incolpare lei?
5268414	ita	Li adoriamo.
5268415	ita	Noi li adoriamo.
5268416	ita	Le adoriamo.
5268417	ita	Noi le adoriamo.
5268418	ita	Lo adorano.
5268420	ita	Loro lo adorano.
5268439	ita	Ci stai accusando?
5268440	ita	Ci sta accusando?
5268441	ita	Ci state accusando?
5268443	ita	Stai accusando loro?
5268444	ita	Sta accusando loro?
5268445	ita	State accusando loro?
5268494	ita	Tom indossa la stessa camicia di flanella rossa ogni volta che va in campeggio.
5268496	ita	Tutti sanno che odiamo Tom.
5268497	ita	Tutti sanno che noi odiamo Tom.
5268509	ita	Odiamo davvero Tom.
5268510	ita	Noi odiamo davvero Tom.
5268511	ita	Odiamo veramente Tom.
5268512	ita	Noi odiamo veramente Tom.
5268516	ita	Non vogliamo umiliare Tom.
5268517	ita	Noi non vogliamo umiliare Tom.
5268520	ita	Abbiamo perdonato Tom.
5268521	ita	Noi abbiamo perdonato Tom.
5268522	ita	Perdonammo Tom.
5268523	ita	Noi perdonammo Tom.
5268526	ita	Tom stava indossando delle scarpe marrone scuro.
5268570	ita	Tom stava indossando una T-shirt bianca.
5268646	ita	Ne voglio un altro.
5268648	ita	Io ne voglio un altro.
5268649	ita	Ne voglio un'altra.
5268650	ita	Io ne voglio un'altra.
5268656	ita	Non avete parlato in inglese?
5268658	ita	Voi non avete parlato in inglese?
5268659	ita	Non ha parlato in inglese?
5268661	ita	Lei non ha parlato in inglese?
5268664	ita	L'hanno fatto veramente.
5268665	ita	Loro l'hanno fatto veramente.
5268667	ita	L'hanno fatta veramente.
5268669	ita	Loro l'hanno fatta veramente.
5268671	ita	L'hanno fatto davvero.
5268672	ita	Loro l'hanno fatto davvero.
5268673	ita	L'hanno fatta davvero.
5268674	ita	Loro l'hanno fatta davvero.
5268682	ita	Tom indossava dei pantaloni neri.
5268687	ita	Hai detto a Tom quello che hai detto a me?
5268688	ita	Ha detto a Tom quello che ha detto a me?
5268690	ita	Avete detto a Tom quello che avete detto a me?
5268697	ita	Soprattutto, devi prenderti cura di te stesso.
5268698	ita	Soprattutto, devi prenderti cura di te stessa.
5268700	ita	Tom ha indosso dei blue jeans.
5268704	ita	Tom ha la reputazione di essere sempre in ritardo.
5268707	ita	La neve era morbida e soffice.
5268709	ita	Deve esserci una soluzione.
5268713	ita	È un prezzo interessante, per questo tipo di dispositivo.
5268716	ita	Questo non è difficile come sembra.
5268717	ita	Questo non è duro come sembra.
5268720	ita	Digli che ho salutato.
5268721	ita	Ditegli che ho salutato.
5268722	ita	Gli dica che ho salutato.
5268724	ita	Dille che ho salutato.
5268725	ita	Ditele che ho salutato.
5268726	ita	Le dica che ho salutato.
5268731	ita	Se solo avessi ascoltato i miei genitori!
5268735	ita	Di' loro che ho salutato.
5268736	ita	Dite loro che ho salutato.
5268737	ita	Dica loro che ho salutato.
5268742	ita	Parliamo di felicità.
5268743	ita	Tom ha tolto le bende dalla gamba di Mary.
5268744	ita	Tom tolse le bende dalla gamba di Mary.
5268745	ita	Mi piace molto questo clima freddo.
5268746	ita	A me piace molto questo clima freddo.
5268756	ita	Sei mai stato in Svizzera?
5268757	ita	Tu sei mai stato in Svizzera?
5268758	ita	Sei mai stata in Svizzera?
5268759	ita	Tu sei mai stata in Svizzera?
5268760	ita	È mai stata in Svizzera?
5268761	ita	Lei è mai stata in Svizzera?
5268762	ita	È mai stato in Svizzera?
5268763	ita	Lei è mai stato in Svizzera?
5268764	ita	Siete mai stati in Svizzera?
5268765	ita	Voi siete mai stati in Svizzera?
5268766	ita	Siete mai state in Svizzera?
5268767	ita	Voi siete mai state in Svizzera?
5268770	ita	Tom ha avvolto il sandwich nella plastica.
5268772	ita	Tom avvolse il sandwich nella plastica.
5268774	ita	Tom non mi darebbe neanche la possibilità di spiegare perché ho fatto quello che ho fatto.
5268775	ita	Tom non mi darebbe nemmeno la possibilità di spiegare perché ho fatto quello che ho fatto.
5268777	ita	Tom non mi darebbe neppure la possibilità di spiegare perché ho fatto quello che ho fatto.
5268779	ita	C'era un piccolo castello su questa collina.
5268780	ita	Non mi hai preparato per questo.
5268781	ita	Tu non mi hai preparato per questo.
5268782	ita	Non mi hai preparata per questo.
5268783	ita	Tu non mi hai preparata per questo.
5268784	ita	Non mi ha preparata per questo.
5268785	ita	Lei non mi ha preparata per questo.
5268787	ita	Non mi ha preparato per questo.
5268789	ita	Lei non mi ha preparato per questo.
5268790	ita	Non mi avete preparato per questo.
5268791	ita	Voi non mi avete preparato per questo.
5268792	ita	Non mi avete preparata per questo.
5268793	ita	Voi non mi avete preparata per questo.
5268794	ita	Hai detto che avevi bisogno di me per firmare qualcosa.
5268796	ita	Ha detto che aveva bisogno di me per firmare qualcosa.
5268797	ita	Avete detto che avevate bisogno di me per firmare qualcosa.
5268799	ita	Abbiamo una serata movimentata davanti a noi.
5268802	ita	Conduce una vita movimentata.
5268803	ita	Lui conduce una vita movimentata.
5268804	ita	Le cose sono diventate un po' movimentate.
5268805	ita	Le cose diventarono un po' movimentate.
5268806	ita	Questa città è movimentata come Manhattan.
5268808	ita	Questa città è frenetica come Manhattan.
5268816	ita	È stato condannato al carcere.
5268821	ita	È diventato sempre più famoso come critico.
5268822	ita	Lui è diventato sempre più famoso come critico.
5268823	ita	Diventò sempre più famoso come critico.
5268824	ita	Lui diventò sempre più famoso come critico.
5268826	ita	Tom ha detto qualcosa su di me?
5268839	ita	Abbiamo una settimana movimentata davanti a noi.
5268842	ita	Ha fallito molte volte, ma non aveva la sensazione che fosse una perdita di tempo.
5268843	ita	Lui ha fallito molte volte, ma non aveva la sensazione che fosse una perdita di tempo.
5268844	ita	Ha fallito molte volte, però non aveva la sensazione che fosse una perdita di tempo.
5268845	ita	Lui ha fallito molte volte, però non aveva la sensazione che fosse una perdita di tempo.
5268846	ita	Fallì molte volte, però non aveva la sensazione che fosse una perdita di tempo.
5268847	ita	Lui fallì molte volte, però non aveva la sensazione che fosse una perdita di tempo.
5268849	ita	Fallì molte volte, ma non aveva la sensazione che fosse una perdita di tempo.
5268851	ita	Lui fallì molte volte, ma non aveva la sensazione che fosse una perdita di tempo.
5268853	ita	Circa la metà delle distese di ghiaccio del Canada sono scomparse negli ultimi sei anni.
5268858	ita	Non c'è quasi alcun mobilio.
5268859	ita	Di' a Tom che non sto parlando con lui.
5268861	ita	Dite a Tom che non sto parlando con lui.
5268862	ita	Dica a Tom che non sto parlando con lui.
5268863	ita	Non ho nulla contro di loro.
5268864	ita	Io non ho nulla contro di loro.
5268865	ita	Non ho niente contro di loro.
5268866	ita	Io non ho niente contro di loro.
5268868	ita	Tom si sta allenando per un triathlon.
5268870	ita	Tom è un caso disperato.
5268872	ita	È un caso disperato.
5268873	ita	Lei è un caso disperato.
5268877	ita	Vuole essere un Edison un giorno.
5268880	ita	Lui vuole essere un Edison un giorno.
5268881	ita	So che prima o poi dovrò farlo.
5268882	ita	Lo so che prima o poi dovrò farlo.
5268883	ita	So che prima o poi lo dovrò fare.
5268884	ita	Lo so che prima o poi lo dovrò fare.
5268896	ita	Lei assomigliava a un angelo.
5269140	ita	Tom non commenterebbe.
5269144	ita	Tom ha provato a concentrarsi.
5269147	ita	Tom provò a concentrarsi.
5269149	ita	Tom ha cercato di concentrarsi.
5269152	ita	Tom cercò di concentrarsi.
5269158	ita	Tom mi ha chiamato un taxi.
5269159	ita	Tom mi chiamò un taxi.
5269161	ita	Bob deve avere avuto un incidente.
5269164	ita	Tom sa giocare a tennis piuttosto bene.
5269170	ita	Quell'uomo è stato licenziato la settimana scorsa.
5269305	ita	Mamma, non voglio indossare questo.
5269309	ita	Linda ha provato a sedurre Dan.
5269310	ita	Linda provò a sedurre Dan.
5269311	ita	Linda ha cercato di sedurre Dan.
5269312	ita	Linda cercò di sedurre Dan.
5269318	ita	Siamo diventati amici di Jane.
5269320	ita	Noi siamo diventati amici di Jane.
5269321	ita	Siamo diventate amiche di Jane.
5269322	ita	Noi siamo diventate amiche di Jane.
5269324	ita	Il tuo dente deve essere estratto.
5269327	ita	Il suo dente deve essere estratto.
5269328	ita	Tom deve avere molti soldi.
5269329	ita	Tom deve avere molto denaro.
5269332	ita	Stimo le vostre opinioni.
5269333	ita	Io stimo le vostre opinioni.
5269334	ita	Stimo le tue opinioni.
5269335	ita	Io stimo le tue opinioni.
5269336	ita	Stimo le sue opinioni.
5269338	ita	Io stimo le sue opinioni.
5269349	ita	Il vero amore non invecchia mai.
5269351	ita	Pensavo che Tom avesse già staccato il tostapane.
5269352	ita	Io pensavo che Tom avesse già staccato il tostapane.
5269367	ita	Sono piuttosto deluso.
5269368	ita	Io sono piuttosto deluso.
5269369	ita	Sono piuttosto delusa.
5269370	ita	Io sono piuttosto delusa.
5269391	ita	So dov'è la chiave.
5269393	ita	So dove si trova la chiave.
5269394	ita	Due treni si sono schiantati in Italia, uccidendo 22 passeggeri.
5269397	ita	Nessuno sa come funziona.
5269400	ita	Mi serve un preservativo.
5269401	ita	Ho bisogno di un preservativo.
5269403	ita	Tom ha promesso di dire la verità.
5269407	ita	Volevo dare un regalo a Tom.
5269410	ita	Tom ha detto che non gli dispiaceva.
5269412	ita	Voglio esaminare il corpo della vittima.
5269414	ita	Penso che Mary abbia dei superpoteri nascosti.
5269415	ita	Non capisco l'arte moderna.
5269422	ita	Voglio qualcos'altro da mangiare.
5269428	ita	Come può essere così egoista?
5269429	ita	Come potete essere così egoisti?
5269430	ita	Come potete essere così egoiste?
5269432	ita	Sono stupito della tua fluenza in inglese.
5269436	ita	Sono stupita della tua fluenza in inglese.
5269437	ita	Io sono stupita della tua fluenza in inglese.
5269438	ita	Sono stupita della sua fluenza in inglese.
5269439	ita	Io sono stupita della sua fluenza in inglese.
5269440	ita	Sono stupito della sua fluenza in inglese.
5269441	ita	Io sono stupito della sua fluenza in inglese.
5269443	ita	Sono stupito della vostra fluenza in inglese.
5269444	ita	Io sono stupito della vostra fluenza in inglese.
5269445	ita	Sono stupita della vostra fluenza in inglese.
5269446	ita	Io sono stupita della vostra fluenza in inglese.
5269448	ita	Mi stai prendendo in giro.
5269672	ita	Naoko ha scritto questa lettera ieri sera.
5269676	ita	Naoko ha scritto questa lettera la scorsa notte.
5269681	ita	Questo è tuo.
5269684	ita	Questo è suo.
5269686	ita	Questo è vostro.
5269687	ita	Fa piuttosto caldo, vero?
5269696	ita	Vive nei paraggi.
5269697	ita	Lui vive nei paraggi.
5269699	ita	Abita nei paraggi.
5269701	ita	Lui abita nei paraggi.
5269707	ita	Io e Tom abbiamo parlato di varie cose.
5269895	ita	Abbiamo fondato l'istituto allo scopo di facilitare la ricerca.
5269898	ita	Dobbiamo raccogliere delle informazioni.
5269899	ita	Noi dobbiamo raccogliere delle informazioni.
5269901	ita	Ha riordinato la sua camera.
5269903	ita	Lei ha riordinato la sua camera.
5269907	ita	Riordina la tua camera!
5269909	ita	Riordina la tua camera immediatamente!
5269911	ita	Riordinavo la mia camera.
5269913	ita	Io riordinavo la mia camera.
5269914	ita	Riordinavi la tua camera.
5269916	ita	Tu riordinavi la tua camera.
5269918	ita	Riordinava la sua camera.
5269919	ita	Lui riordinava la sua camera.
5269923	ita	Lei riordinava la sua camera.
5269924	ita	Tom riordinava la sua camera.
5269927	ita	Marie riordinava la sua camera.
5269932	ita	Riordinavate la vostra camera.
5269933	ita	Voi riordinavate la vostra camera.
5269934	ita	Riordinavano la loro camera.
5269936	ita	Io devo riordinare la mia camera.
5269938	ita	Lui ha riordinato la sua camera.
5269939	ita	Doveva riordinare la sua camera.
5269941	ita	Lui doveva riordinare la sua camera.
5269942	ita	Devi riordinare la tua camera.
5269943	ita	Ha riordinato la camera.
5269944	ita	Lei ha riordinato la camera.
5269945	ita	Ho riordinato la mia camera.
5269946	ita	Hai riordinato la tua camera.
5269948	ita	Tom ha riordinato la sua camera.
5269949	ita	Marie ha riordinato la sua camera.
5269950	ita	Abbiamo riordinato la nostra camera.
5269951	ita	Hanno riordinato la loro camera.
5269953	ita	Puoi riordinare la tua camera?
5269954	ita	A Tom non è stato detto nulla.
5269955	ita	A Tom non è stato detto niente.
5269972	ita	Ho provveduto a seguire il tuo consiglio.
5270008	ita	Tom vuole una macchina?
5270009	ita	Tom vuole un'auto?
5270010	ita	Tom vuole un'automobile?
5270403	ita	Hanno trovato Tom nella folla.
5270405	ita	Trovarono Tom nella folla.
5270432	ita	Non ascoltiamo Tom.
5270433	ita	Noi non ascoltiamo Tom.
5270434	ita	Io stesso ho un piccolo problema.
5270435	ita	Io stessa ho un piccolo problema.
5270436	ita	Dovremmo chiederlo a loro.
5270441	ita	Sei l'unica donna che io abbia mai amato veramente.
5270442	ita	Tu sei l'unica donna che io abbia mai amato veramente.
5270443	ita	Sei l'unica donna che io abbia mai amato davvero.
5270444	ita	Tu sei l'unica donna che io abbia mai amato davvero.
5270445	ita	Quanti figli vuoi avere quando ti sposi?
5270446	ita	Quanti figli vuole avere quando si sposa?
5270447	ita	Quanti figli volete avere quando vi sposate?
5270448	ita	Ma allora le voci erano vere!
5270449	ita	Ma allora le voci erano vere?
5270696	ita	Non va più di moda.
5270697	ita	Non va più di moda?
5270736	ita	Sognare non va più di moda?
5270738	ita	Posso usare del prosciutto?
5270739	ita	Posso usare del prosciutto.
5271310	ita	Sono stato ferito da molte persone.
5271311	ita	Io sono stato ferito da molte persone.
5271312	ita	Sono stata ferita da molte persone.
5271313	ita	Io sono stata ferita da molte persone.
5271317	ita	Tom era completamente depresso.
5271618	ita	Tom non ha il tempo per rispondere a tutte le mie domande.
5271628	ita	La vita è ciò che ti succede mentre sei occupato guardando il cellulare.
5272253	ita	Chi va dove?
5272256	ita	Tom descrisse il problema in dettaglio.
5272258	ita	Non volevo che Tom si preoccupasse.
5272261	ita	È molto difficile ricordare il suo nome.
5272264	ita	Non posso comprarlo perché non ho soldi.
5272268	ita	Il Giappone è diventato una nazione potente.
5272275	ita	Esistono tartarughe domestiche e carnivore.
5272280	ita	Non so come, ma devi trovare una soluzione.
5272282	ita	Se per qualche motivo dovessi fallire, ci riproverei.
5272299	ita	Ella non verrà oggi.
5272301	ita	Tom deve lasciare immediatamente.
5272302	ita	Continuarono a lavorare.
5272336	ita	Il dottore gli disse di smettere di fumare.
5272341	ita	Stava piovendo così tanto che dovemmo rinviare la nostra partenza.
5272344	ita	Non lo farò un'altra volta.
5273115	ita	Il XIV emendamento della Costituzione degli Stati Uniti d'America fu ratificato nel 1868.
5273121	ita	Donald Trump ha vinto la nomination repubblicana.
5273123	ita	Abbiamo parlato per un po'.
5273135	ita	Che tipo di quadrilatero è?
5273141	ita	Mangiare scarafaggi è una cattiva idea?
5273144	ita	Tom è qui dal 2013.
5273146	ita	L'avvocato chiese al giudice di prendere in considerazione l'età dell'accusato.
5273148	ita	Tom era accecato.
5273150	ita	Non rispondo mai alle e-mail di persone che non conosco.
5273152	ita	Ho comprato un libro a Tom.
5273160	ita	Egli non ha coraggio.
5273162	ita	Tom era l'unico che stava studiando quando sono entrato in classe.
5273165	ita	Tom era l'unico che studiava quando entrai in classe.
5273189	ita	Potresti parlare con loro.
5273191	ita	Potrebbe parlare con loro.
5273193	ita	Potreste parlare con loro.
5273227	ita	Questo farmaco allevierà il dolore.
5273230	ita	Lui è ancora inesperto negli affari.
5273231	ita	È ancora inesperto negli affari.
5273232	ita	Tom non era felice a riguardo.
5273234	ita	Ho perso traccia di Tom.
5273235	ita	Io ho perso traccia di Tom.
5273239	ita	Mary ha tracannato un alto bicchiere di succo d'arancia.
5273240	ita	Mary tracannò un alto bicchiere di succo d'arancia.
5273241	ita	Imbarazzerebbe Tom.
5273242	ita	Quello imbarazzerebbe Tom.
5273244	ita	Ti imbarazzerebbe sapere certe cose.
5273247	ita	Dobbiamo dare la priorità alle cose.
5273248	ita	Noi abbiamo dare la priorità alle cose.
5273249	ita	Abbiamo bisogno di dare la priorità alle cose.
5273250	ita	Noi abbiamo bisogno di dare la priorità alle cose.
5273254	ita	Abbiamo bisogno di dare la priorità.
5273255	ita	Noi abbiamo bisogno di dare la priorità.
5273256	ita	Dobbiamo dare la priorità.
5273258	ita	Noi dobbiamo dare la priorità.
5273649	ita	Il bagno è di sopra.
5273650	ita	Il bagno è al piano di sopra.
5273653	ita	Un coccodrillo ha mangiato Thomas.
5273654	ita	Un coccodrillo mangiò Thomas.
5273717	ita	Faccio i miei compiti.
5273732	ita	Io faccio i miei compiti.
5273737	ita	Parlava forte.
5273738	ita	Lei parlava forte.
5273740	ita	Ha parlato forte.
5273742	ita	Lei ha parlato forte.
5273743	ita	Parlò forte.
5273745	ita	Lei parlò forte.
5273778	ita	Questo è il mio fidanzato.
5273779	ita	Questo è il mio promesso sposo.
5273840	ita	Il problema è che non abbiamo molto tempo.
5273842	ita	Il problema è che noi non abbiamo molto tempo.
5273844	ita	Tom non è ancora alle superiori.
5273847	ita	Ho provato a non svegliarti.
5273848	ita	Ho provato a non svegliarvi.
5273849	ita	Ho provato a non svegliarla.
5273850	ita	Ho cercato di non svegliarti.
5273851	ita	Ho cercato di non svegliarvi.
5273852	ita	Ho cercato di non svegliarla.
5274110	ita	Penso che siamo una squadra forte.
5274113	ita	Io penso che siamo una squadra forte.
5274117	ita	Avrei potuto fare molto meglio.
5274118	ita	Io avrei potuto fare molto meglio.
5274122	ita	Tom ama andare in moto.
5274124	ita	Tom dice che ha ancora bisogno di aiuto.
5274127	ita	Tom dice di avere ancora bisogno di aiuto.
5274132	ita	Non vengo pagato per fare questo.
5274134	ita	Io non vengo pagato per fare questo.
5274137	ita	Non vengo pagata per fare questo.
5274139	ita	Io non vengo pagata per fare questo.
5274140	ita	Tom dice che quello non è il piano.
5274141	ita	Tom ama davvero quello che fa.
5274142	ita	Tom ama veramente quello che fa.
5274148	ita	Tom sarà in contatto con noi.
5274151	ita	Ho provato a non mangiare troppo.
5274154	ita	Ho cercato di non mangiare troppo.
5274156	ita	Ero completamente devastato.
5274157	ita	Io ero completamente devastato.
5274158	ita	Ero completamente devastata.
5274159	ita	Io ero completamente devastata.
5274161	ita	Non abbiamo altro cibo.
5274162	ita	Noi non abbiamo altro cibo.
5274489	ita	Chiesi a Tom.
5274717	ita	Non sembra funzionare.
5274718	ita	Non mi piacciono le vacanze molto lunghe.
5274719	ita	A me non piacciono le vacanze molto lunghe.
5274721	ita	Imbuca questa lettera per me!
5274723	ita	Imbucate questa lettera per me!
5274724	ita	Imbuchi questa lettera per me!
5274726	ita	Te lo lascio.
5274727	ita	Ve lo lascio.
5274729	ita	Glielo lascio.
5274730	ita	Il cane mi ha mangiato i compiti.
5274731	ita	Mi ricordate Tom.
5274733	ita	Voi mi ricordate Tom.
5274736	ita	Lui mi ricorda mio nonno.
5274758	ita	Non aprire ancora la scatola.
5274759	ita	Non aprite ancora la scatola.
5274760	ita	Non apra ancora la scatola.
5274766	ita	La situazione di Tom è diversa.
5274767	ita	Tom farebbe qualunque cosa per me.
5274768	ita	Tom farebbe qualsiasi cosa per me.
5274770	ita	Tom farebbe qualunque cosa per vincere.
5274771	ita	Tom farebbe qualsiasi cosa per vincere.
5274774	ita	Non avevo niente da fare.
5274775	ita	Io non avevo niente da fare.
5274776	ita	Non avevo nulla da fare.
5274777	ita	Io non avevo nulla da fare.
5274779	ita	Tom farebbe qualsiasi cosa per noi.
5274780	ita	Tom farebbe qualunque cosa per noi.
5274783	ita	Non penso che sia così facile.
5274784	ita	Io non penso che sia così facile.
5274785	ita	Tom non fornirebbe i dettagli.
5274786	ita	Ho dovuto lavorare fino a tardi ieri.
5274787	ita	Io ho dovuto lavorare fino a tardi ieri.
5274790	ita	Tom riceverà un sacco di aiuto.
5274791	ita	Riesco a dormire molto meglio ora.
5274793	ita	Io riesco a dormire molto meglio ora.
5274795	ita	Riesco a dormire molto meglio adesso.
5274796	ita	Io riesco a dormire molto meglio adesso.
5274837	ita	Mi piace fare roba del genere.
5274838	ita	A me piace fare roba del genere.
5274839	ita	Tom sarebbe così fiero di te.
5274840	ita	Tom sarebbe così fiero di voi.
5274841	ita	Tom sarebbe così fiero di lei.
5274842	ita	Tom sarebbe così orgoglioso di te.
5274843	ita	Tom sarebbe così orgoglioso di voi.
5274845	ita	Tom sarebbe così orgoglioso di lei.
5274866	ita	La madre di Tom ha vissuto fino all'età di 103 anni.
5274875	ita	Tom sembra essere molto contento.
5275544	ita	Non si può più andare avanti così.
5275545	ita	Non si può più andare avanti così?
5275557	ita	Tu che percorso hai scelto?
5275559	ita	Purtroppo non ce l'hanno fatta a dircelo.
5275560	ita	Non ce l'hanno fatta a dircelo.
5275561	ita	Non ce l'hanno fatta a dircelo?
5275562	ita	Non c'era nessuno a dircelo?
5275565	ita	Non so se questa storia è già stata pubblicata in passato.
5275566	ita	Non so se questo romanzo è già stato pubblicato in passato.
5275570	ita	È un'ipotesi.
5275571	ita	È un'ipotesi?
5275572	ita	È giusto un'ipotesi?
5275582	ita	È un'ipotesi interessante?
5275584	ita	È da scartare l'ipotesi di proporre un discorso del genere.
5275594	ita	È amore disinteressato.
5275595	ita	È amore disinteressato?
5275803	ita	Sembra sicuramente di cattivo auspicio.
5275923	ita	Non amministro niente.
5275924	ita	Io non amministro niente.
5275926	ita	Non amministro nulla.
5275927	ita	Io non amministro nulla.
5276357	ita	La tua approvazione è importante per me.
5276359	ita	La sua approvazione è importante per me.
5276360	ita	La vostra approvazione è importante per me.
5276685	ita	Peserà sessanta chili.
5276686	ita	Lei peserà sessanta chili.
5276718	ita	Il cielo sarà blu.
5276859	ita	Non sei molto credibile.
5276861	ita	Il problema è oltre la mia comprensione.
5276870	ita	Non indovinerai mai chi ho visto stamattina.
5276871	ita	Tu non indovinerai mai chi ho visto stamattina.
5276873	ita	Non indovinerà mai chi ho visto stamattina.
5276874	ita	Lei non indovinerà mai chi ho visto stamattina.
5276875	ita	Non indovinerete mai chi ho visto stamattina.
5276876	ita	Voi non indovinerete mai chi ho visto stamattina.
5276878	ita	Non indovinerai mai chi ho visto questa mattina.
5276879	ita	Tu non indovinerai mai chi ho visto questa mattina.
5276880	ita	Non indovinerà mai chi ho visto questa mattina.
5276881	ita	Lei non indovinerà mai chi ho visto questa mattina.
5276882	ita	Non indovinerete mai chi ho visto questa mattina.
5276883	ita	Voi non indovinerete mai chi ho visto questa mattina.
5276888	ita	In Germania i fantasmi non pagano tasse.
5276893	ita	Hai portato vergogna sulla nostra famiglia.
5276894	ita	Tu hai portato vergogna sulla nostra famiglia.
5276895	ita	Ha portato vergogna sulla nostra famiglia.
5276896	ita	Lei ha portato vergogna sulla nostra famiglia.
5276899	ita	Avete portato vergogna sulla nostra famiglia.
5276900	ita	Voi avete portato vergogna sulla nostra famiglia.
5276906	ita	Va alla cassa e paga.
5276907	ita	Lei va alla cassa e paga.
5276910	ita	Quanto viene la notte?
5276912	ita	Quanto costa la notte?
5276914	ita	Non merito niente.
5276915	ita	Io non merito niente.
5276916	ita	Non merito nulla.
5276918	ita	Io non merito nulla.
5276921	ita	Mio padre è un conducente d'autobus.
5276923	ita	Mio padre è un autista d'autobus.
5276924	ita	È la risposta a tutti i miei problemi.
5276925	ita	Quella è la risposta a tutti i miei problemi.
5276951	ita	Questo paese ha poche risorse naturali.
5276956	ita	Quanto paghi di affitto?
5276958	ita	Tu quanto paghi di affitto?
5276960	ita	Quanto paga di affitto?
5276961	ita	Lei quanto paga di affitto?
5276963	ita	Quanto pagate di affitto?
5276964	ita	Voi quanto pagate di affitto?
5276968	ita	Quanto vi pagano?
5276970	ita	Loro quanto vi pagano?
5276973	ita	Quanto la pagano?
5276974	ita	Loro quanto la pagano?
5276976	ita	Loro quanto ti pagano?
5276989	ita	Avremmo fatto meglio ad aspettare un po' di più.
5276990	ita	Noi avremmo fatto meglio ad aspettare un po' di più.
5276994	ita	Ma vi piace!
5276996	ita	Ma le piace!
5276998	ita	Però vi piace!
5276999	ita	Però le piace!
5277001	ita	Ho la mia propria stanza.
5277004	ita	Io ho la mia propria stanza.
5277005	ita	Ho la mia propria camera.
5277006	ita	Io ho la mia propria camera.
5277007	ita	Il mio bagaglio è nel bagagliaio.
5277009	ita	Tom stava singhiozzando.
5277017	ita	L'allenatore mi ha detto che avevo bisogno di esercitarmi più duramente.
5277018	ita	L'allenatore mi disse che avevo bisogno di esercitarmi più duramente.
5277031	ita	È già andato a letto.
5277034	ita	Lui è già andato a letto.
5277039	ita	Hanno accettato la proposta.
5277040	ita	Loro hanno accettato la risposta.
5277043	ita	Accettarono la proposta.
5277045	ita	Loro hanno accettato la proposta.
5277048	ita	Loro accettarono la proposta.
5277058	ita	Vorrei che mi chiamassi Tom.
5277059	ita	Vorrei che mi chiamasse Tom.
5277061	ita	Vorrei che mi chiamaste Tom.
5277063	ita	Lo abbiamo costruito.
5277065	ita	Lo costruimmo.
5277066	ita	L'abbiamo costruita.
5277067	ita	La abbiamo costruita.
5277069	ita	La costruimmo.
5277070	ita	Sono felice del risultato.
5277071	ita	Io sono felice del risultato.
5277072	ita	Tom è sceso dalla sua moto.
5277074	ita	Tom scese dalla sua moto.
5277092	ita	Non mi fido completamente di loro.
5277093	ita	Io non mi fido completamente di loro.
5277096	ita	Mary e Tom dove vivono?
5277098	ita	Mary e Tom dove abitano?
5277101	ita	Dove vivono Mary e Tom?
5277102	ita	Dove abitano Mary e Tom?
5277108	ita	Non vendere la pelle dell'orso prima di averlo ucciso.
5277119	ita	A tutti serve un sogno.
5277180	ita	Ho scritto le risposte con attenzione.
5277183	ita	Sono cresciuto in questa casa.
5277187	ita	Io sono cresciuto in questa casa.
5277191	ita	Sono cresciuta in questa casa.
5277192	ita	Io sono cresciuta in questa casa.
5277195	ita	Vogliamo ancora vincere.
5277196	ita	Noi vogliamo ancora vincere.
5277243	ita	Uno va dal prossimo perché cerca se stesso, un altro, perché vorrebbe perdere se stesso. Il vostro cattivo amore per voi stessi fa della vostra solitudine una prigione.
5277251	ita	Riesco a vedere una differenza.
5277252	ita	Io riesco a vedere una differenza.
5277257	ita	Tom stava indossando un cappello?
5277259	ita	Voglio sapere tutti i dettagli.
5277260	ita	Io voglio sapere tutti i dettagli.
5277262	ita	Quali sono le funzioni di un parco nazionale?
5277263	ita	Ero affascinato da lui.
5277264	ita	Io ero affascinato da lui.
5277265	ita	Ero affascinata da lui.
5277266	ita	Io ero affascinata da lui.
5277273	ita	Mi assicurerò che Tom non sia in ritardo.
5277274	ita	Io mi assicurerò che Tom non sia in ritardo.
5277276	ita	Uscirò dalla città.
5277278	ita	Io uscirò dalla città.
5277281	ita	Forse Tom arriverà qui presto.
5277282	ita	È quello che ha fatto Tom l'anno scorso.
5277283	ita	Sono davvero fiero della nostra squadra.
5277285	ita	Io sono davvero fiero della nostra squadra.
5277286	ita	Sono davvero fiera della nostra squadra.
5277288	ita	Io sono davvero fiera della nostra squadra.
5277290	ita	Sono davvero orgoglioso della nostra squadra.
5277291	ita	Io sono davvero orgoglioso della nostra squadra.
5277293	ita	Sono davvero orgogliosa della nostra squadra.
5277296	ita	Io sono davvero orgogliosa della nostra squadra.
5277297	ita	È quello che farà Tom.
5277298	ita	È la ragione per cui io e Tom siamo qui.
5277299	ita	Quella è la ragione per cui io e Tom siamo qui.
5277300	ita	È la ragione per cui io e Tom siamo qua.
5277301	ita	Quella è la ragione per cui io e Tom siamo qua.
5277302	ita	Non sono ancora felice a riguardo.
5277303	ita	Io non sono ancora felice a riguardo.
5277304	ita	È la ragione per cui Tom è ancora lì.
5277305	ita	Quella è la ragione per cui Tom è ancora lì.
5277306	ita	Sono con la mia famiglia in questo momento.
5277307	ita	Io sono con la mia famiglia in questo momento.
5277308	ita	Questo non è solo un problema di Tom.
5277309	ita	Questo non è soltanto un problema di Tom.
5277310	ita	Questo non è solamente un problema di Tom.
5277311	ita	Sono stato morso qualche volta.
5277313	ita	Io sono stato morso qualche volta.
5277314	ita	Sono stata morsa qualche volta.
5277315	ita	Io sono stata morsa qualche volta.
5277317	ita	Ho molto altro da imparare.
5277319	ita	Io ho molto altro da imparare.
5277320	ita	Non sono troppo felice a riguardo.
5277321	ita	Io non sono troppo felice a riguardo.
5277323	ita	Non ne sono troppo felice.
5277324	ita	Io non ne sono troppo felice.
5277326	ita	Non sono molto bravo a cantare.
5277327	ita	Io non sono molto bravo a cantare.
5277328	ita	Non sono molto brava a cantare.
5277329	ita	Io non sono molto brava a cantare.
5277330	ita	Forse Tom lo farà per noi.
5277331	ita	Non andrò lì dentro.
5277332	ita	Io non andrò lì dentro.
5277333	ita	Sono sicuro che Tom non lo farebbe.
5277334	ita	Io sono sicuro che Tom non lo farebbe.
5277335	ita	Sono sicura che Tom non lo farebbe.
5277336	ita	Io sono sicura che Tom non lo farebbe.
5277337	ita	Temo che sia troppo tardi ora.
5277338	ita	Io temo che sia troppo tardi ora.
5277339	ita	Temo che sia troppo tardi adesso.
5277340	ita	Io temo che sia troppo tardi adesso.
5277341	ita	Dicono che sia una bufala.
5277342	ita	Dicono che sia una bufala?
5277343	ita	Mi fa piacere che le cose siano andare a modo nostro.
5277344	ita	A me fa piacere che le cose siano andare a modo nostro.
5277345	ita	Volevo dare un'occasione a Tom.
5277346	ita	Io volevo dare un'occasione a Tom.
5277351	ita	Mi chiedo se Tom potrebbe farlo.
5277352	ita	Io mi chiedo se Tom potrebbe farlo.
5277353	ita	Mi chiedo se Tom lo potrebbe fare.
5277354	ita	Io mi chiedo se Tom lo potrebbe fare.
5277355	ita	In realtà vengo pagato per fare questo.
5277356	ita	Io in realtà vengo pagato per fare questo.
5277357	ita	In realtà vengo pagata per fare questo.
5277358	ita	Io in realtà vengo pagata per fare questo.
5277359	ita	Penso ancora che Tom sia sessista.
5277360	ita	Io penso ancora che Tom sia sessista.
5277361	ita	Avrei un problema con quello.
5277362	ita	Io avrei un problema con quello.
5277363	ita	Ho parlato con Tom l'altro giorno.
5277364	ita	Io ho parlato con Tom l'altro giorno.
5277365	ita	Vorrei vedere cosa succede.
5277366	ita	Io vorrei vedere cosa succede.
5277367	ita	Penso di avere ferito i sentimenti di Tom.
5277368	ita	Io penso di avere ferito i sentimenti di Tom.
5277369	ita	Preferirei non commentare a riguardo.
5277370	ita	Io preferirei non commentare a riguardo.
5277372	ita	Mi chiedo se Tom lo farebbe.
5277373	ita	Io mi chiedo se Tom lo farebbe.
5277374	ita	Mi assicurerò che venga riparato.
5277378	ita	Io mi assicurerò che venga riparato.
5277380	ita	Mi assicurerò che venga riparata.
5277381	ita	Io mi assicurerò che venga riparata.
5277383	ita	Ritornerò il prima possibile.
5277384	ita	Io ritornerò il prima possibile.
5277385	ita	Vedrò come mi sento domani.
5277386	ita	Ci vedremo tra un giorno o due.
5277388	ita	Ci vedremo fra un giorno o due.
5277389	ita	Capisco che Tom è ferito.
5277390	ita	Lo capisco che Tom è ferito.
5277393	ita	Sono sicuro al 100% della mia decisione.
5277395	ita	Io sono sicuro al 100% della mia decisione.
5277396	ita	Sono sicura al 100% della mia decisione.
5277398	ita	Io sono sicura al 100% della mia decisione.
5277405	ita	Penso ancora che Tom sia razzista.
5277407	ita	Io penso ancora che Tom sia razzista.
5277408	ita	Non mi aspettavo che Tom aiutasse.
5277410	ita	Io non mi aspettavo che Tom aiutasse.
5277412	ita	Stavo giusto pensandoci.
5277413	ita	Mi dispiace per la famiglia di Tom.
5277415	ita	A me dispiace per la famiglia di Tom.
5277416	ita	Stavo solo cercando di essere gentile.
5277417	ita	Stavo solo provando ad essere felice.
5277418	ita	Mi sento nello stesso modo riguardo a Tom.
5277419	ita	Ho seguito Tom nella casa.
5277421	ita	Io ho seguito Tom nella casa.
5277422	ita	Seguii Tom nella casa.
5277424	ita	Io seguii Tom nella casa.
5277427	ita	Ero presente alla riunione.
5277428	ita	Io ero presente alla riunione.
5277429	ita	Ho dato a Tom qualche libro da leggere.
5277431	ita	Diedi a Tom qualche libro da leggere.
5277433	ita	Non mi aspetto che Tom lo faccia.
5277435	ita	Io non mi aspetto che Tom lo faccia.
5277439	ita	Ero consapevole della situazione.
5277441	ita	Io ero consapevole della situazione.
5277457	ita	Tom ha flesso i muscoli.
5277458	ita	Tom flesse i muscoli.
5277460	ita	Il tuo tavolo è pronto.
5277461	ita	Il suo tavolo è pronto.
5277462	ita	Il vostro tavolo è pronto.
5277464	ita	Tom è cresciuto nel ghetto.
5277465	ita	Tom crebbe nel ghetto.
5277467	ita	Il problema con i giovani è che sono sempre impazienti.
5277472	ita	Tom ha raccolto la palla da calcio.
5277473	ita	Tom raccolse la palla da calcio.
5277475	ita	Tom trascorre tutto il suo tempo a dipingere.
5277476	ita	Tom passa tutto il suo tempo a dipingere.
5277477	ita	Tom suona il tamburello.
5277479	ita	È divertente e affascinante.
5277480	ita	Lui è divertente e affascinante.
5277482	ita	Tom è un cacciatore di tempeste.
5277483	ita	Tom è un cacciatore di tornado.
5277484	ita	Il tornado si estinse.
5277485	ita	Il tornado si è estinto.
5277486	ita	Sta arrivando un tornado!
5277488	ita	Il tornado si è disperso senza danno.
5277489	ita	Il tornado si disperse senza danno.
5277491	ita	Il tornado ha distrutto l'intero villaggio.
5277493	ita	Il tornado distrusse l'intero villaggio.
5277494	ita	Il tornado ha ucciso più di venti persone.
5277495	ita	Il tornado uccise più di venti persone.
5277497	ita	Tom ha filmato il tornado attraverso il suo parabrezza.
5277498	ita	Tom filmò il tornado attraverso il suo parabrezza.
5277500	ita	Il tornado si sta facendo sempre più grande.
5277502	ita	La casa è stata distrutta da un tornado.
5277504	ita	La casa fu distrutta da un tornado.
5277506	ita	La casa di Tom è stata distrutta da un tornado.
5277507	ita	La casa di Tom fu distrutta da un tornado.
5277508	ita	La casa di Tom venne distrutta da un tornado.
5277509	ita	La casa venne distrutta da un tornado.
5277510	ita	La casa è stata fatta a pezzi dal tornado.
5277511	ita	La casa fu fatta a pezzi dal tornado.
5277512	ita	La casa venne fatta a pezzi dal tornado.
5277513	ita	Il tornado ha toccato terra a due chilometri dalla mia scuola.
5277514	ita	Il gatto di Tom è stato portato via da un tornado.
5277515	ita	Il gatto di Tom fu portato via da un tornado.
5277516	ita	Il gatto di Tom venne portato via da un tornado.
5277518	ita	Con la sua macchina fotografica, Tom ha catturato un tornado in azione.
5277519	ita	Con la sua macchina fotografica, Tom catturò un tornado in azione.
5277520	ita	Il tornado ha lasciato una scia di distruzione al suo passaggio.
5277522	ita	Il tornado lasciò una scia di distruzione al suo passaggio.
5277524	ita	Il tornado ha attraversato la città e si è diretto verso il mare.
5277525	ita	Il tornado attraversò la città e si diresse verso il mare.
5277526	ita	Anche se la mia casa era nel percorso del tornado, è rimasta illesa.
5277527	ita	Anche se la mia casa era nel percorso del tornado, rimase illesa.
5277528	ita	Dove pensi che sarebbe il posto più sicuro a casa tua durante un tornado?
5277530	ita	Dove pensa che sarebbe il posto più sicuro a casa sua durante un tornado?
5277531	ita	Dove pensate che sarebbe il posto più sicuro a casa vostra durante un tornado?
5278088	ita	Di cosa parliamo oggi?
5278094	ita	A me piacciono tantissimo le lenticchie.
5278095	ita	A me piacciono tanto le lenticchie.
5278096	ita	A me piacciono le lenticchie.
5278097	ita	Non mi piacciono le lenticchie.
5278098	ita	A me non piacciono molto le lenticchie.
5278099	ita	Ho appena comprato un chilo di lenticchie.
5278100	ita	Ho appena comprato mezzo chilo di lenticchie al mercato.
5278103	ita	In questo supermercato hanno appena finito le lenticchie.
5278106	ita	Le lenticchie che vendono in questo supermercato non sono molto buone.
5278107	ita	Le lenticchie che vendono in questo supermercato non sono un granché.
5278108	ita	Dove posso comprare delle lenticchie?
5278109	ita	Queste lenticchie sono ottime!
5278110	ita	Queste lenticchie sono deliziose!
5278111	ita	Le lenticchie sono salutari.
5278112	ita	Le lenticchie sono salutari?
5278114	ita	Mi serve una ricetta che contenga le lenticchie.
5278115	ita	Mi consigli una ricetta con le lenticchie?
5278117	ita	Mi consigli una ricetta con le lenticchie.
5278118	ita	Consigliami una ricetta con le lenticchie.
5278119	ita	Consigliatemi una ricetta con le lenticchie.
5278120	ita	Le lenticchie sono un alimento molto salutare.
5278121	ita	Le lenticchie sono un alimento molto salutare?
5278125	ita	Ho appena mangiato un piatto di lenticchie.
5278126	ita	Ho appena mangiato un piatto abbondante di lenticchie.
5278127	ita	Come si cucinano le lenticchie?
5278129	ita	Non volevo crederci.
5278130	ita	Io non volevo crederci.
5278131	ita	Non ci volevo andare.
5278132	ita	Non ci volevo credere.
5278133	ita	Io non ci volevo credere.
5278150	ita	Non è una lotta giusta.
5278152	ita	Il fuoco è ricordato nella storia.
5278154	ita	Il gigantesco tornado ha lasciato un solco durante il suo passaggio attraverso la città.
5278155	ita	Il gigantesco tornado lasciò un solco durante il suo passaggio attraverso la città.
5278157	ita	"La levatrice dice che non c'è nessun dolore durante il parto, solo la pressione. È vero?" "Sì! Proprio come un tornado è un movimento d'aria."
5278159	ita	È una levatrice.
5278160	ita	Lei è una levatrice.
5278161	ita	È un'ostetrica.
5278162	ita	Lei è un'ostetrica.
5278163	ita	"L'ostetrica dice che non c'è nessun dolore durante il parto, solo la pressione. È vero?" "Sì! Proprio come un tornado è un movimento d'aria."
5278170	ita	Nella stanza d'ospedale, l'infermiera che indossava abiti bianchi e la levatrice si stavano preparando per il parto.
5278172	ita	Nella stanza d'ospedale, l'infermiera che indossava abiti bianchi e l'ostetrica si stavano preparando per il parto.
5278186	ita	Forse Tom non è stupido come sembra.
5278194	ita	Lo abbiamo usato.
5278195	ita	Noi lo abbiamo usato.
5278196	ita	Lo abbiamo utilizzato.
5278197	ita	Noi lo abbiamo utilizzato.
5278198	ita	Lo usammo.
5278199	ita	Noi lo usammo.
5278200	ita	Lo utilizzammo.
5278201	ita	Noi lo utilizzammo.
5278202	ita	Tom sta diventando distratto.
5278203	ita	Tom fa bene molte cose.
5278205	ita	L'aracnofobia è la paura dei ragni.
5278207	ita	Martedì andremo al circolo.
5278208	ita	Perché non lo hai detto a Tom?
5278209	ita	Perché non lo ha detto a Tom?
5278210	ita	Perché non lo avete detto a Tom?
5278211	ita	Qualcuna di voi ha visto Tom oggi?
5278294	ita	La notte il vento soffiava forte.
5278306	ita	Come fa soldi Google?
5278307	ita	Come fa soldi Facebook?
5278345	ita	Hanno bevuto dell'acqua.
5278346	ita	Loro hanno bevuto dell'acqua.
5278347	ita	Bevevano dell'acqua.
5278348	ita	Loro bevevano dell'acqua.
5278469	ita	Tutti erano invitati, tranne me.
5278505	ita	Molti siti web sono supportati da introiti dalla pubblicità.
5278506	ita	Google fa soldi con la vendita di pubblicità.
5278531	ita	A cosa stai alludendo?
5278600	ita	Sicuramente spero di no.
5278605	ita	Facebook ha molti dati su di te.
5278606	ita	Facebook ha molti dati su di voi.
5278607	ita	Facebook ha molti dati su di lei.
5279316	ita	Io voglio nuotare!
5279333	ita	Nuotare con i delfini è pericoloso.
5279446	ita	Ha lavorato tutto il giorno.
5280707	ita	Questo è il percorso più breve per Parigi.
5280799	ita	Si è preso una giornata libera.
5280801	ita	Si prese una giornata libera.
5280802	ita	Lui si prese una giornata libera.
5280806	ita	Le balene non sono pesci. Sono mammiferi.
5280809	ita	Non avevo intenzione di urlare.
5280810	ita	Io non avevo intenzione di urlare.
5280811	ita	Ricordo quei giorni.
5280812	ita	Io ricordo quei giorni.
5280813	ita	Mi ricordo quei giorni.
5280814	ita	Io mi ricordo quei giorni.
5280821	ita	Il visitatore si sedette di fronte a me.
5280866	ita	Tom mi ha chiesto di tornare qui più tardi questo pomeriggio.
5280874	ita	La prossima fermata è Aquincum.
5280926	ita	Mio zio studia inglese all'università.
5280937	ita	Li chiamerò per scusarmi.
5280939	ita	Le chiamerò per scusarmi.
5280945	ita	Tom è molto interessato agli sport acquatici.
5280946	ita	Tom sogna spesso la sua fidanzata.
5280947	ita	Tom sogna spesso la sua morosa.
5280948	ita	Tom sogna spesso la sua ragazza.
5280949	ita	Non sono io quello che sta facendo del male a Tom.
5280951	ita	Non sono io quella che sta facendo del male a Tom.
5280953	ita	Le cose in realtà sono migliori quest'anno.
5280954	ita	Sono felice che non sia successo nulla di male.
5280955	ita	Sono felice che non sia successo niente di male.
5280959	ita	Tom ha cercato di consolare Mary.
5280960	ita	Tom cercò di consolare Mary.
5280961	ita	È una storia piuttosto lunga.
5280962	ita	Si è arruolato nell'esercito.
5280963	ita	Lui si è arruolato nell'esercito.
5280964	ita	Si arruolò nell'esercito.
5280965	ita	Lui si arruolò nell'esercito.
5280966	ita	Tom sta diventando impaziente con Mary.
5280967	ita	Nessuno ha detto che questo avrebbe funzionato.
5280968	ita	Tom è più basso di suo padre.
5280969	ita	Finalmente abbiamo raggiunto un compromesso.
5280970	ita	L'erba sembra sempre più verde dall'altro lato.
5280972	ita	Tom è caduto dal vagone.
5280973	ita	Tom cadde dal vagone.
5280975	ita	Tom perse il controllo.
5280976	ita	Importa quello che penso?
5280978	ita	Questa è la gatta di Tom.
5280979	ita	Non è una grande cosa.
5280982	ita	È estremamente raro che una persona muoia a causa di un morso di un ragno.
5280986	ita	Guardatevi.
5280988	ita	Hanno obbedito.
5280989	ita	Loro hanno obbedito.
5280990	ita	Obbedirono.
5280991	ita	Loro obbedirono.
5280996	ita	Stai fermo!
5280997	ita	Stai ferma!
5280998	ita	Stia fermo!
5280999	ita	Stia ferma!
5281000	ita	State fermi!
5281001	ita	State ferme!
5281003	ita	Saluta.
5281004	ita	Saluti.
5281005	ita	Salutate.
5281011	ita	Nessuno si offre volontario.
5281015	ita	Tutti amavano Tom.
5281016	ita	Tutti sono stanchi.
5281017	ita	Sono tutti stanchi.
5281018	ita	Qualcuno è morto?
5281019	ita	Questo è abbastanza?
5281020	ita	Stiamo festeggiando.
5281021	ita	Noi stiamo festeggiando.
5281023	ita	Siamo tornati.
5281025	ita	Noi siamo tornati.
5281027	ita	Siamo tornate.
5281028	ita	Noi siamo tornate.
5281031	ita	Siamo adulti.
5281033	ita	Noi siamo adulti.
5281034	ita	Siamo adulte.
5281035	ita	Noi siamo adulte.
5281036	ita	Ci stiamo frequentando.
5281038	ita	Noi ci stiamo frequentando.
5281040	ita	Tom conosce tutti.
5281041	ita	Tutti ignoravano Tom.
5281043	ita	Tutti sono a casa.
5281046	ita	Sonon tutti a casa.
5281048	ita	Buona serata a tutti.
5281049	ita	Sono tutti esausti.
5281050	ita	Tutti sono esausti.
5281051	ita	Tutti sono spaventati.
5281052	ita	Sono tutti in silenzio.
5281053	ita	Sono tutti spaventati.
5281055	ita	Tutti sono in silenzio.
5281058	ita	Tutti sembravano infelici.
5281059	ita	Sembravano tutti infelici.
5281065	ita	Stiamo affondando.
5281067	ita	Siamo bloccati.
5281069	ita	Siamo bloccate.
5281070	ita	Siamo stanchi.
5281071	ita	Noi siamo stanche.
5281072	ita	Noi siamo stanchi.
5281074	ita	Siamo stanche.
5281076	ita	Siamo intrappolati.
5281077	ita	Siamo intrappolate.
5281078	ita	Questo andrà bene.
5281109	ita	L'ha calciato.
5281113	ita	L'ha calciata.
5281115	ita	Lo calciò.
5281120	ita	La calciò.
5281123	ita	Agisce rapidamente.
5281124	ita	Lui agisce rapidamente.
5281130	ita	Gli piace il calcio.
5281133	ita	A lui piace il calcio.
5281147	ita	Sta pattinando.
5281151	ita	Lui sta pattinando.
5281153	ita	Pattina.
5281154	ita	Lui pattina.
5281176	ita	Lui viene qui ogni tre giorni.
5281177	ita	Era eccessivo.
5281179	ita	Era eccessiva.
5281180	ita	Cosa puoi fare a riguardo?
5281182	ita	Cosa può fare a riguardo?
5281183	ita	Cosa potete fare a riguardo?
5281185	ita	Ho volato fino a Osaka ieri.
5281186	ita	Io ho volato fino a Osaka ieri.
5281187	ita	Per farla breve, ha rifiutato la sua proposta.
5281189	ita	Per farla breve, lei ha rifiutato la sua proposta.
5281191	ita	I bambini sono i fiori delle nostre vite.
5281193	ita	Tom sembra che abbia saputo la verità.
5281195	ita	Sembra che Tom abbia saputo la verità.
5281197	ita	Cosa proponi di fare?
5281198	ita	Cosa propone di fare?
5281201	ita	Cosa proponete di fare?
5281204	ita	Mi sono abbonato a un giornale.
5281207	ita	Mi sono abbonata a un giornale.
5281212	ita	La mia casa è distante.
5281341	ita	Perché vuoi farle del male?
5281343	ita	Perché vuole farle del male?
5281345	ita	Perché volete farle del male?
5281348	ita	Perché le vuoi fare del male?
5281351	ita	Perché le vuole fare del male?
5281352	ita	Perché le volete fare del male?
5281392	ita	Loro sono al verde.
5281401	ita	È spaventoso.